Lesson ID,Lesson Title,Lesson Category,Block Order,Block Type,Ol Chiki,Latin,Audio URL,Image URL,Emotion,Story Arc,Growth Value,Character Goal,Image Direction,Body Language,Learning Moment
lesson_numbers_0_9,Numbers 0-9,cat_numbers_1778594019015,0,text,᱑,1 – One,https://sgp.cloud.appwrite.io/v1/storage/buckets/audio/files/6a2260dfbac480383af0/view?project=699495910038e39622c5,,,,,,,,
lesson_numbers_0_9,Numbers 0-9,cat_numbers_1778594019015,1,text,᱒,2 – Two,https://sgp.cloud.appwrite.io/v1/storage/buckets/audio/files/6a2260fce34b8a5857b7/view?project=699495910038e39622c5,,,,,,,,
lesson_numbers_0_9,Numbers 0-9,cat_numbers_1778594019015,2,text,᱓,3 – Three,https://sgp.cloud.appwrite.io/v1/storage/buckets/audio/files/6a22610d537f00441960/view?project=699495910038e39622c5,,,,,,,,
lesson_numbers_0_9,Numbers 0-9,cat_numbers_1778594019015,3,text,᱔,4 – Four,https://sgp.cloud.appwrite.io/v1/storage/buckets/audio/files/6a22612178d9884bcd97/view?project=699495910038e39622c5,,,,,,,,
lesson_numbers_0_9,Numbers 0-9,cat_numbers_1778594019015,4,text,᱕,5 – Five,https://sgp.cloud.appwrite.io/v1/storage/buckets/audio/files/6a22614681e20cc20e2f/view?project=699495910038e39622c5,,,,,,,,
lesson_numbers_0_9,Numbers 0-9,cat_numbers_1778594019015,5,text,᱖,6 – Six,https://sgp.cloud.appwrite.io/v1/storage/buckets/audio/files/6a22615b90c68e458920/view?project=699495910038e39622c5,,,,,,,,
lesson_numbers_0_9,Numbers 0-9,cat_numbers_1778594019015,6,text,᱗,7 – Seven,https://sgp.cloud.appwrite.io/v1/storage/buckets/audio/files/6a2261871bd50415df8d/view?project=699495910038e39622c5,,,,,,,,
lesson_numbers_0_9,Numbers 0-9,cat_numbers_1778594019015,7,text,᱘,8 – Eight,https://sgp.cloud.appwrite.io/v1/storage/buckets/audio/files/6a22619fafc80345fadd/view?project=699495910038e39622c5,,,,,,,,
lesson_numbers_0_9,Numbers 0-9,cat_numbers_1778594019015,8,text,᱙,9 – Nine,https://sgp.cloud.appwrite.io/v1/storage/buckets/audio/files/6a2261b5101d0f0b60df/view?project=699495910038e39622c5,,,,,,,,
lesson_alphabet_0,Basics of Ol Chiki,cat_alphabets_1778594017948,0,text,ᱚᱞ ᱪᱤᱠᱤ,Ol Chiki is the writing system for the Santali language,,,,,,,,,
lesson_alphabet_0,Basics of Ol Chiki,cat_alphabets_1778594017948,1,text,ᱚ,"Letter ""a"" – the first letter of Ol Chiki",,,,,,,,,
lesson_alphabet_0,Basics of Ol Chiki,cat_alphabets_1778594017948,2,text,ᱛ,"Letter ""at"" – used in words like ᱛᱟᱞᱟ (below)",,,,,,,,,
lesson_alphabet_0,Basics of Ol Chiki,cat_alphabets_1778594017948,3,text,ᱚᱛ,"Practice: Combine ᱚ + ᱛ to form ""at""",,,,,,,,,
lesson_alphabet_1,Vowels I,cat_alphabets_1778594017948,0,text,ᱚ,"Vowel ""a"" – open sound, as in ""father""",,,,,,,,,
lesson_alphabet_1,Vowels I,cat_alphabets_1778594017948,0,text,ᱟ,"Vowel ""aa"" – elongated open sound",,,,,,,,,
lesson_alphabet_1,Vowels I,cat_alphabets_1778594017948,0,text,ᱤ,"Vowel ""i"" – short ""i"" sound as in ""sit""",,,,,,,,,
lesson_alphabet_1,Vowels I,cat_alphabets_1778594017948,0,text,ᱩ,"Vowel ""u"" – sound as in ""put""",,,,,,,,,
lesson_alphabet_1,Vowels I,cat_alphabets_1778594017948,0,text,ᱮ,"Vowel ""e"" – short ""e"" sound as in ""bed""",,,,,,,,,
lesson_alphabet_2,Consonants I,cat_alphabets_1778594017948,0,text,ᱜ,"Consonant ""ag"" – as in ᱜᱟᱰᱟ (river)",,,,,,,,,
lesson_alphabet_2,Consonants I,cat_alphabets_1778594017948,0,text,ᱝ,"Consonant ""ang"" – nasal sound",,,,,,,,,
lesson_alphabet_2,Consonants I,cat_alphabets_1778594017948,0,text,ᱞ,"Consonant ""al"" – as in ᱞᱟᱹᱭ (to take)",,,,,,,,,
lesson_alphabet_2,Consonants I,cat_alphabets_1778594017948,0,text,ᱠ,"Consonant ""ak"" – as in ᱠᱟᱹᱢᱤ (work)",,,,,,,,,
lesson_alphabet_2,Consonants I,cat_alphabets_1778594017948,0,text,ᱡ,"Consonant ""aj"" – as in ᱡᱚᱦᱟᱨ (hello)",,,,,,,,,
lesson_alphabet_3,Consonants II,cat_alphabets_1778594017948,0,text,ᱪ,"Consonant ""ach"" – as in ᱪᱮᱛᱟᱱ (field)",,,,,,,,,
lesson_alphabet_3,Consonants II,cat_alphabets_1778594017948,0,text,ᱫ,"Consonant ""ad"" – as in ᱫᱟᱠᱟ (food/rice)",,,,,,,,,
lesson_alphabet_3,Consonants II,cat_alphabets_1778594017948,0,text,ᱯ,"Consonant ""ap"" – as in ᱯᱟᱱᱛᱮ (path)",,,,,,,,,
lesson_alphabet_3,Consonants II,cat_alphabets_1778594017948,0,text,ᱢ,"Consonant ""am"" – as in ᱢᱟᱹᱡᱷᱤ (village head)",,,,,,,,,
lesson_alphabet_4,Vowels II,cat_alphabets_1778594017948,0,text,ᱳ,"Vowel ""o"" – rounded sound as in ""go""",,,,,,,,,
lesson_alphabet_4,Vowels II,cat_alphabets_1778594017948,0,text,ᱚᱦ,"Vowel combination ""ah"" – aspirated",,,,,,,,,
lesson_alphabet_4,Vowels II,cat_alphabets_1778594017948,0,text,ᱟᱹ,"Modified vowel ""aa"" – checked vowel variant",,,,,,,,,
lesson_alphabet_4,Vowels II,cat_alphabets_1778594017948,0,text,ᱮᱹ,"Modified vowel ""e"" – nasalized variant",,,,,,,,,
lesson_numbers_10_20,Numbers 10-20,cat_numbers_1778594019015,0,text,᱑᱐,10 – Ten,https://sgp.cloud.appwrite.io/v1/storage/buckets/audio/files/6a225e2db5270b6dabe6/view?project=699495910038e39622c5,,,,,,,,
lesson_numbers_10_20,Numbers 10-20,cat_numbers_1778594019015,1,text,᱑᱑,11 – Eleven,https://sgp.cloud.appwrite.io/v1/storage/buckets/audio/files/6a225e40e2518d9371df/view?project=699495910038e39622c5,,,,,,,,
lesson_numbers_10_20,Numbers 10-20,cat_numbers_1778594019015,2,text,᱑᱒,12 – Twelve,https://sgp.cloud.appwrite.io/v1/storage/buckets/audio/files/6a225e531c1384ef2a57/view?project=699495910038e39622c5,,,,,,,,
lesson_numbers_10_20,Numbers 10-20,cat_numbers_1778594019015,3,text,᱑᱓,13 – Thirteen,https://sgp.cloud.appwrite.io/v1/storage/buckets/audio/files/6a225e6d6fd101c0cbfd/view?project=699495910038e39622c5,,,,,,,,
lesson_numbers_10_20,Numbers 10-20,cat_numbers_1778594019015,4,text,᱑૪,14 – Fourteen,https://sgp.cloud.appwrite.io/v1/storage/buckets/audio/files/6a225e844c2c09d9f17c/view?project=699495910038e39622c5,,,,,,,,
lesson_numbers_10_20,Numbers 10-20,cat_numbers_1778594019015,5,text,᱑૫,15 – Fifteen,https://sgp.cloud.appwrite.io/v1/storage/buckets/audio/files/6a225e961b198dfe71e4/view?project=699495910038e39622c5,,,,,,,,
lesson_numbers_10_20,Numbers 10-20,cat_numbers_1778594019015,6,text,᱑૬,16 – Sixteen,https://sgp.cloud.appwrite.io/v1/storage/buckets/audio/files/6a22604b6e5a0aedd3bb/view?project=699495910038e39622c5,,,,,,,,
lesson_numbers_10_20,Numbers 10-20,cat_numbers_1778594019015,7,text,᱑૭,17 – Seventeen,https://sgp.cloud.appwrite.io/v1/storage/buckets/audio/files/6a225f8f88f68d1dc703/view?project=699495910038e39622c5,,,,,,,,
lesson_numbers_10_20,Numbers 10-20,cat_numbers_1778594019015,8,text,᱑૮,18 – Eighteen,https://sgp.cloud.appwrite.io/v1/storage/buckets/audio/files/6a22603679d385c9af5c/view?project=699495910038e39622c5,,,,,,,,
lesson_numbers_10_20,Numbers 10-20,cat_numbers_1778594019015,9,text,᱑૯,19 – Nineteen,https://sgp.cloud.appwrite.io/v1/storage/buckets/audio/files/6a225fd54ca903e4f635/view?project=699495910038e39622c5,,,,,,,,
lesson_numbers_10_20,Numbers 10-20,cat_numbers_1778594019015,10,text,᱒᱐,20 – Twenty,https://sgp.cloud.appwrite.io/v1/storage/buckets/audio/files/6a225ef14bed8faddd31/view?project=699495910038e39622c5,,,,,,,,
lesson_sentences_basics,Basic Sentences,cat_sentences_1778594024495,0,text,ᱟᱢᱟᱜ ᱧᱩᱛᱩᱢ ᱪᱮᱫ?,Amaak nyutum ced? – What is your name?,,,Curiosity,Making New Friend,Communication,Make a new friend,"Olitun walks along a winding path in the beautiful green village, pointing with curiosity toward the horizon. Show only the speaking character, never show both speakers in the same frame.","Eyes wide with wonder, body leaning forward, pointing with an inquisitive finger.",Olitun demonstrating active observation and a love for finding out new things.
lesson_sentences_basics,Basic Sentences,cat_sentences_1778594024495,1,text,ᱤᱧᱟᱜ ᱧᱩᱛᱩᱢ ᱫᱚ ᱥᱟᱱᱛᱷᱟᱞ,Injaak nyutum do Santhal – My name is Santhal,,,Friendship,Exploring Village,Confidence,Learn something new,"a young Santhal child classmate sits peacefully under a large shady tree, looking out over the village with a happy smile. Show only the speaking character, never show both speakers in the same frame.","Warm direct eye contact, relaxed shoulders, open arms in a welcoming gesture.","a young Santhal child classmate showing warmth, inclusion, and building a strong social bond."
lesson_sentences_basics,Basic Sentences,cat_sentences_1778594024495,2,text,ᱟᱢ ᱫᱚ ᱚᱠᱟᱛᱮᱢ ᱪᱟᱞᱟᱜ ᱠᱟᱱᱟ?,Am do okatem chalag kana? – Where are you going?,,,Kindness,Exploring Nature,Learning,Explore nature,"Olitun stands beside a traditional home, pointing happily at a colorful detail on the hand-painted wall. Show only the speaking character, never show both speakers in the same frame.","Gentle smile, soft eyes, hands offering help or gesturing politely with care.","Olitun putting empathy into action, helping classmates or respecting elders."
lesson_sentences_basics,Basic Sentences,cat_sentences_1778594024495,3,text,ᱟᱢ ᱫᱚ ᱚᱠᱟᱨᱮᱢ ᱛᱟᱦᱮᱸᱱᱟ?,Am do okarem tahena? – Where do you live?,,,Curiosity,Making New Friend,Communication,Make a new friend,"Olitun kneels in a patch of wild flowers, looking at the colorful petals with curiosity. Show only the speaking character, never show both speakers in the same frame.","Eyes wide with wonder, body leaning forward, pointing with an inquisitive finger.",Olitun demonstrating active observation and a love for finding out new things.
lesson_sentences_basics,Basic Sentences,cat_sentences_1778594024495,4,text,ᱤᱧ ᱫᱚ ᱱᱚᱸᱰᱮᱧ ᱛᱟᱦᱮᱸᱱᱟ,In do nondenj tahena – I live here,,,Friendship,Exploring Village,Confidence,Learn something new,"a young Santhal child classmate walks along a winding path in the beautiful green village, pointing with curiosity toward the horizon. Show only the speaking character, never show both speakers in the same frame.","Warm direct eye contact, relaxed shoulders, open arms in a welcoming gesture.","a young Santhal child classmate showing warmth, inclusion, and building a strong social bond."
lesson_sentences_basics,Basic Sentences,cat_sentences_1778594024495,5,text,ᱤᱧ ᱫᱚᱧ ᱪᱟᱞᱟᱜ ᱠᱟᱱᱟ,Inj donj chalag kana – I am going,,,Kindness,Exploring Nature,Learning,Explore nature,"a young Santhal child classmate sits peacefully under a large shady tree, looking out over the village with a happy smile. Show only the speaking character, never show both speakers in the same frame.","Gentle smile, soft eyes, hands offering help or gesturing politely with care.","a young Santhal child classmate putting empathy into action, helping classmates or respecting elders."
lesson_sentences_basics,Basic Sentences,cat_sentences_1778594024495,6,text,ᱟᱢ ᱫᱚ ᱚᱠᱟᱭ ᱠᱟᱱᱟᱢ?,Am do okoy kanam? – Who are you?,,,Curiosity,Making New Friend,Communication,Make a new friend,"Olitun stands beside a traditional home, pointing happily at a colorful detail on the hand-painted wall. Show only the speaking character, never show both speakers in the same frame.","Eyes wide with wonder, body leaning forward, pointing with an inquisitive finger.",Olitun demonstrating active observation and a love for finding out new things.
lesson_sentences_basics,Basic Sentences,cat_sentences_1778594024495,7,text,ᱩᱱᱤ ᱫᱚ ᱤᱧᱤᱡ ᱵᱚᱠᱚᱧ ᱠᱟᱱᱟᱭ,Uni do injij bokonj kanay – He is my younger brother,,,Friendship,Exploring Village,Confidence,Learn something new,"a young Santhal child classmate gently guiding a younger brother by the hand, pointing out a colorful butterfly in the garden. Show only the speaking character, never show both speakers in the same frame.","Warm direct eye contact, relaxed shoulders, open arms in a welcoming gesture.","a young Santhal child classmate showing warmth, inclusion, and building a strong social bond."
lesson_sentences_basics,Basic Sentences,cat_sentences_1778594024495,8,text,ᱱᱩᱭ ᱫᱚ ᱤᱧᱤᱡ ᱜᱟᱛᱮ ᱠᱟᱱᱟᱭ,Nuy do injij gate kanay – This is my friend,,,Kindness,Exploring Nature,Learning,Explore nature,"Olitun smiling warmly while pointing happily toward the learner, conveying friendship and belonging. Show only the speaking character, never show both speakers in the same frame.","Gentle smile, soft eyes, hands offering help or gesturing politely with care.","Olitun putting empathy into action, helping classmates or respecting elders."
lesson_sentences_basics,Basic Sentences,cat_sentences_1778594024495,9,text,ᱟᱢ ᱫᱚ ᱚᱠᱟ ᱠᱷᱚᱱ ᱮᱢ ᱦᱮᱡ ᱮᱱᱟ?,Am do oka khon em hej ena? – Where did you come from?,,,Curiosity,Making New Friend,Communication,Make a new friend,"Olitun sits peacefully under a large shady tree, looking out over the village with a happy smile. Show only the speaking character, never show both speakers in the same frame.","Eyes wide with wonder, body leaning forward, pointing with an inquisitive finger.",Olitun demonstrating active observation and a love for finding out new things.
lesson_sentences_basics,Basic Sentences,cat_sentences_1778594024495,10,text,ᱤᱧ ᱫᱚ ᱟᱹᱛᱩ ᱠᱷᱚᱱ ᱤᱧ ᱦᱮᱡ ᱮᱱᱟ,Inj do atu khon inj hej ena – I came from the village,,,Friendship,Exploring Village,Confidence,Learn something new,"a young Santhal child classmate stands beside a traditional home, pointing happily at a colorful detail on the hand-painted wall. Show only the speaking character, never show both speakers in the same frame.","Warm direct eye contact, relaxed shoulders, open arms in a welcoming gesture.","a young Santhal child classmate showing warmth, inclusion, and building a strong social bond."
lesson_sentences_basics,Basic Sentences,cat_sentences_1778594024495,11,text,ᱱᱚᱶᱟ ᱫᱚ ᱪᱮᱫ ᱠᱟᱱᱟ?,Nowa do ced kana? – What is this?,,,Kindness,Exploring Nature,Learning,Explore nature,"Olitun kneels in a patch of wild flowers, looking at the colorful petals with curiosity. Show only the speaking character, never show both speakers in the same frame.","Gentle smile, soft eyes, hands offering help or gesturing politely with care.","Olitun putting empathy into action, helping classmates or respecting elders."
lesson_sentences_basics,Basic Sentences,cat_sentences_1778594024495,12,text,ᱱᱚᱶᱟ ᱫᱚ ᱫᱟᱨᱮ ᱠᱟᱱᱟ,Nowa do dare kana – This is a tree,,,Curiosity,Exploring Nature,Learning,Explore nature,"Olitun planting a young green seedling in rich soil, showing care and responsibility for nature. Show only the speaking character, never show both speakers in the same frame.","Eyes wide with wonder, body leaning forward, pointing with an inquisitive finger.",Olitun demonstrating active observation and a love for finding out new things.
lesson_sentences_basics,Basic Sentences,cat_sentences_1778594024495,13,text,ᱟᱢ ᱫᱚ ᱪᱮᱫ ᱮᱢ ᱠᱩᱥᱤᱭᱟᱜᱼᱟ?,Am do ced em kusiyaga? – What do you like?,,,Friendship,Exploring Village,Confidence,Learn something new,"Olitun sits peacefully under a large shady tree, looking out over the village with a happy smile. Show only the speaking character, never show both speakers in the same frame.","Warm direct eye contact, relaxed shoulders, open arms in a welcoming gesture.","Olitun showing warmth, inclusion, and building a strong social bond."
lesson_sentences_basics,Basic Sentences,cat_sentences_1778594024495,14,text,ᱤᱧ ᱫᱚ ᱥᱟᱱᱛᱟᱲᱤ ᱨᱚᱲ ᱤᱧ ᱠᱩᱥᱤᱭᱟᱜᱼᱟ,Inj do Santali ror inj kusiyaga – I like speaking Santali,,,Kindness,Exploring Nature,Learning,Explore nature,"a young Santhal child classmate stands beside a traditional home, pointing happily at a colorful detail on the hand-painted wall. Show only the speaking character, never show both speakers in the same frame.","Gentle smile, soft eyes, hands offering help or gesturing politely with care.","a young Santhal child classmate putting empathy into action, helping classmates or respecting elders."
lesson_sentences_basics,Basic Sentences,cat_sentences_1778594024495,15,text,ᱟᱢ ᱫᱚ ᱠᱟᱹᱢᱤᱭᱟᱢ?,Am do kamiyam? – Do you work?,,,Curiosity,Making New Friend,Communication,Make a new friend,"Olitun carefully carrying out a task, like neatly filing books or designing a wooden model. Show only the speaking character, never show both speakers in the same frame.","Eyes wide with wonder, body leaning forward, pointing with an inquisitive finger.",Olitun demonstrating active observation and a love for finding out new things.
lesson_sentences_basics,Basic Sentences,cat_sentences_1778594024495,16,text,"ᱦᱮᱸ, ᱤᱧ ᱫᱚ ᱠᱟᱹᱢᱤᱭᱟᱹᱧ","Hẽ, inj do kamiyanj – Yes, I work",,,Friendship,Exploring Village,Confidence,Learn something new,"a young Santhal child classmate carefully carrying out a task, like neatly filing books or designing a wooden model. Show only the speaking character, never show both speakers in the same frame.","Warm direct eye contact, relaxed shoulders, open arms in a welcoming gesture.","a young Santhal child classmate showing warmth, inclusion, and building a strong social bond."
lesson_sentences_basics,Basic Sentences,cat_sentences_1778594024495,17,text,ᱩᱱᱤ ᱫᱚ ᱚᱠᱟᱨᱮ ᱢᱮᱱᱟᱭᱟ?,Uni do okare menaya? – Where is he/she?,,,Kindness,Exploring Nature,Learning,Explore nature,"Olitun sits peacefully under a large shady tree, looking out over the village with a happy smile. Show only the speaking character, never show both speakers in the same frame.","Gentle smile, soft eyes, hands offering help or gesturing politely with care.","Olitun putting empathy into action, helping classmates or respecting elders."
lesson_sentences_basics,Basic Sentences,cat_sentences_1778594024495,18,text,ᱩᱱᱤ ᱫᱚ ᱚᱲᱟᱜ ᱨᱮ ᱢᱮᱱᱟᱭᱟ,Uni do orag re menaya – He/she is at home,,,Curiosity,Making New Friend,Communication,Make a new friend,"Olitun stands beside a traditional home, pointing happily at a colorful detail on the hand-painted wall. Show only the speaking character, never show both speakers in the same frame.","Eyes wide with wonder, body leaning forward, pointing with an inquisitive finger.",Olitun demonstrating active observation and a love for finding out new things.
lesson_sentences_basics,Basic Sentences,cat_sentences_1778594024495,19,text,ᱟᱢ ᱫᱚ ᱧᱮᱞᱮᱫ ᱟᱧᱟᱢ?,Am do nyeled anyam? – Do you see me?,,,Friendship,Exploring Village,Confidence,Learn something new,"Olitun kneels in a patch of wild flowers, looking at the colorful petals with curiosity. Show only the speaking character, never show both speakers in the same frame.","Warm direct eye contact, relaxed shoulders, open arms in a welcoming gesture.","Olitun showing warmth, inclusion, and building a strong social bond."
lesson_sentences_daily,Daily Sentences,cat_sentences_1778594024495,0,text,,I am hungry,,,,,,,,,
lesson_sentences_daily,Daily Sentences,cat_sentences_1778594024495,1,text,,Please eat food,,,,,,,,,
lesson_sentences_daily,Daily Sentences,cat_sentences_1778594024495,2,text,,Please drink water,,,,,,,,,
lesson_sentences_daily,Daily Sentences,cat_sentences_1778594024495,3,text,,I am studying,,,,,,,,,
lesson_sentences_daily,Daily Sentences,cat_sentences_1778594024495,4,text,,Goodbye / See you again,,,,,,,,,
lesson_greet_0,Basic Greetings,cat_phrases_1778594027629,0,text,ᱡᱚᱦᱟᱨ,Johar – Hello / Greetings,https://sgp.cloud.appwrite.io/v1/storage/buckets/audio/files/6a2264258aac001ddc6b/view?project=699495910038e39622c5,,,,,,,,
lesson_greet_0,Basic Greetings,cat_phrases_1778594027629,1,text,ᱥᱟᱹᱜᱩᱱ ᱥᱮᱛᱟᱜ,Sagun setag – Good morning,https://sgp.cloud.appwrite.io/v1/storage/buckets/audio/files/6a22644fbac48d091d8a/view?project=699495910038e39622c5,,,,,,,,
lesson_greet_0,Basic Greetings,cat_phrases_1778594027629,2,text,ᱥᱟᱹᱜᱩᱱ ᱛᱤᱠᱤᱱ,Sagun tikin – Good afternoon,https://sgp.cloud.appwrite.io/v1/storage/buckets/audio/files/6a226467d3ab8a6cd777/view?project=699495910038e39622c5,,,,,,,,
lesson_greet_0,Basic Greetings,cat_phrases_1778594027629,3,text,ᱥᱟᱹᱜᱩᱱ ᱟᱹᱭᱩᱵ,Sagun ayub – Good evening,,,,,,,,,
lesson_greet_0,Basic Greetings,cat_phrases_1778594027629,4,text,ᱥᱟᱹᱜᱩᱱ ᱧᱤᱫᱟᱹ,Sagun njida – Good night,https://sgp.cloud.appwrite.io/v1/storage/buckets/audio/files/6a2264ef2de609004c19/view?project=699495910038e39622c5,,,,,,,,
lesson_greet_1,Meeting People,cat_phrases_1778594027629,0,text,ᱟᱢᱟᱜ ᱧᱩᱛᱩᱢ ᱪᱮᱫ?,Amag njutum ced? – What is your name?,,,,,,,,,
lesson_greet_1,Meeting People,cat_phrases_1778594027629,1,text,ᱤᱧᱟᱜ ᱧᱩᱛᱩᱢ ᱫᱚ ... ᱠᱟᱱᱟ,Injag njutum do ... kana – My name is ...,,,,,,,,,
lesson_greet_1,Meeting People,cat_phrases_1778594027629,2,text,ᱟᱢ ᱚᱠᱟ ᱠᱷᱚᱱᱮᱢ ᱦᱮᱡ ᱠᱟᱱᱟ?,Am oka khonem hej kana? – Where are you from?,,,,,,,,,
lesson_greet_1,Meeting People,cat_phrases_1778594027629,3,text,ᱤᱧ ᱫᱚ ... ᱠᱷᱚᱱᱤᱧ ᱦᱮᱡ ᱠᱟᱱᱟ,In do ... khoninj hej kana – I am from ...,,,,,,,,,
lesson_greet_1,Meeting People,cat_phrases_1778594027629,4,text,ᱟᱢ ᱥᱟᱶ ᱧᱟᱯᱟᱢ ᱠᱟᱛᱮ ᱨᱟᱹᱥᱠᱟᱹᱧ ᱵᱩᱡᱷᱟᱹᱣ ᱠᱮᱫᱟ,Am saw njapam kate raskanj bujhau keda – Nice to meet you!,,,,,,,,,
lesson_greet_2,Polite Phrases,cat_phrases_1778594027629,0,text,ᱥᱟᱨᱦᱟᱣ,Sarhaw – Thank you,,,,,,,,,
lesson_greet_2,Polite Phrases,cat_phrases_1778594027629,1,text,ᱤᱠᱟᱹ ᱠᱟᱹᱧ ᱢᱮ,Ika kanj me – Excuse me / Sorry,,,,,,,,,
lesson_greet_2,Polite Phrases,cat_phrases_1778594027629,2,text,ᱦᱮᱸ,Hẽ – Yes,,,,,,,,,
lesson_greet_2,Polite Phrases,cat_phrases_1778594027629,3,text,ᱵᱟᱝ,Bang – No,,,,,,,,,
lesson_greet_2,Polite Phrases,cat_phrases_1778594027629,4,text,ᱫᱟᱭᱟ ᱠᱟᱛᱮ,Daya kate – Please,,,,,,,,,
lesson_greet_2,Polite Phrases,cat_phrases_1778594027629,5,text,ᱟᱹᱰᱤ ᱱᱟᱯᱟᱭ,Adi napay – Very good / Well done,,,,,,,,,
lesson_greet_3,Farewells,cat_phrases_1778594027629,0,text,ᱡᱚᱦᱟᱨ ᱜᱮ,Johar ge – Goodbye,,,,,,,,,
lesson_greet_3,Farewells,cat_phrases_1778594027629,1,text,ᱜᱟᱯᱟ ᱵᱚᱱ ᱧᱟᱯᱟᱢᱟ,Gapa bon njapama – See you tomorrow,,,,,,,,,
lesson_greet_3,Farewells,cat_phrases_1778594027629,2,text,ᱱᱟᱯᱟᱭ ᱛᱮ ᱛᱟᱦᱮᱸᱱ ᱢᱮ,Napay te tahen me – Take care / Stay well,,,,,,,,,
lesson_greet_3,Farewells,cat_phrases_1778594027629,3,text,ᱤᱧ ᱫᱚᱧ ᱪᱟᱞᱟᱜ ᱠᱟᱱᱟ,In donj chalag kana – I am leaving now,,,,,,,,,
lesson_greet_3,Farewells,cat_phrases_1778594027629,4,text,ᱫᱩᱞᱟᱹᱲ ᱡᱚᱦᱟᱨ,Dulaar Johar – Goodbye with love,,,,,,,,,
lesson_vocab_basics,Greetings & Basics,cat_vocab_1778594020532,0,text,ᱡᱚᱦᱟᱨ,Johar – Hello / Greetings,https://sgp.cloud.appwrite.io/v1/storage/buckets/audio/files/6a225dd1aba1892c6e51/view?project=699495910038e39622c5,,Friendship,Making New Friend,Communication,Make a new friend,"Olitun walks along a winding path in the beautiful green village, pointing with curiosity toward the horizon.","Warm direct eye contact, relaxed shoulders, open arms in a welcoming gesture.","Olitun showing warmth, inclusion, and building a strong social bond."
lesson_vocab_basics,Greetings & Basics,cat_vocab_1778594020532,1,text,ᱥᱟᱨᱦᱟᱣ,Sarhaw – Thank you,,,Friendship,Exploring Village,Confidence,Learn something new,"Olitun sits peacefully under a large shady tree, looking out over the village with a happy smile.","Warm direct eye contact, relaxed shoulders, open arms in a welcoming gesture.","Olitun showing warmth, inclusion, and building a strong social bond."
lesson_vocab_basics,Greetings & Basics,cat_vocab_1778594020532,2,text,ᱦᱮᱸ,Hẽ – Yes,,,Kindness,Exploring Nature,Learning,Explore nature,"Olitun stands beside a traditional home, pointing happily at a colorful detail on the hand-painted wall.","Gentle smile, soft eyes, hands offering help or gesturing politely with care.","Olitun putting empathy into action, helping classmates or respecting elders."
lesson_vocab_basics,Greetings & Basics,cat_vocab_1778594020532,3,text,ᱵᱟᱝ,Bang – No,,,Curiosity,Making New Friend,Communication,Make a new friend,"Olitun kneels in a patch of wild flowers, looking at the colorful petals with curiosity.","Eyes wide with wonder, body leaning forward, pointing with an inquisitive finger.",Olitun demonstrating active observation and a love for finding out new things.
lesson_vocab_basics,Greetings & Basics,cat_vocab_1778594020532,4,text,ᱥᱟᱹᱜᱩᱱ ᱫᱟᱨᱟᱢ,Sagun Daram – Welcome,,,Friendship,Making New Friend,Communication,Make a new friend,"Olitun walks along a winding path in the beautiful green village, pointing with curiosity toward the horizon.","Warm direct eye contact, relaxed shoulders, open arms in a welcoming gesture.","Olitun showing warmth, inclusion, and building a strong social bond."
lesson_vocab_basics,Greetings & Basics,cat_vocab_1778594020532,5,text,ᱢᱟᱨᱟᱝ,Marang – Big / Great,,,Kindness,Exploring Nature,Learning,Explore nature,"Olitun sits peacefully under a large shady tree, looking out over the village with a happy smile.","Gentle smile, soft eyes, hands offering help or gesturing politely with care.","Olitun putting empathy into action, helping classmates or respecting elders."
lesson_vocab_basics,Greetings & Basics,cat_vocab_1778594020532,6,text,ᱦᱩᱰᱤᱧ,Hudinj – Small,,,Curiosity,Making New Friend,Communication,Make a new friend,"Olitun stands beside a traditional home, pointing happily at a colorful detail on the hand-painted wall.","Eyes wide with wonder, body leaning forward, pointing with an inquisitive finger.",Olitun demonstrating active observation and a love for finding out new things.
lesson_vocab_basics,Greetings & Basics,cat_vocab_1778594020532,7,text,ᱥᱟᱹᱜᱩᱱ,Sagun – Auspicious / Good,,,Friendship,Exploring Village,Confidence,Learn something new,"Olitun kneels in a patch of wild flowers, looking at the colorful petals with curiosity.","Warm direct eye contact, relaxed shoulders, open arms in a welcoming gesture.","Olitun showing warmth, inclusion, and building a strong social bond."
lesson_vocab_basics,Greetings & Basics,cat_vocab_1778594020532,8,text,ᱱᱟᱯᱟᱭ,Napay – Fine / Good,,,Kindness,Exploring Nature,Learning,Explore nature,"Olitun walks along a winding path in the beautiful green village, pointing with curiosity toward the horizon.","Gentle smile, soft eyes, hands offering help or gesturing politely with care.","Olitun putting empathy into action, helping classmates or respecting elders."
lesson_vocab_basics,Greetings & Basics,cat_vocab_1778594020532,9,text,ᱟᱹᱰᱤ,Adi – Very,,,Curiosity,Making New Friend,Communication,Make a new friend,"Olitun sits peacefully under a large shady tree, looking out over the village with a happy smile.","Eyes wide with wonder, body leaning forward, pointing with an inquisitive finger.",Olitun demonstrating active observation and a love for finding out new things.
lesson_vocab_basics,Greetings & Basics,cat_vocab_1778594020532,10,text,ᱪᱮᱞᱮᱠᱟ,Celeka – How,,,Friendship,Exploring Village,Confidence,Learn something new,"Olitun stands beside a traditional home, pointing happily at a colorful detail on the hand-painted wall.","Warm direct eye contact, relaxed shoulders, open arms in a welcoming gesture.","Olitun showing warmth, inclusion, and building a strong social bond."
lesson_vocab_basics,Greetings & Basics,cat_vocab_1778594020532,11,text,ᱧᱩᱛᱩᱢ,Nyutum – Name,,,Kindness,Exploring Nature,Learning,Explore nature,"Olitun kneels in a patch of wild flowers, looking at the colorful petals with curiosity.","Gentle smile, soft eyes, hands offering help or gesturing politely with care.","Olitun putting empathy into action, helping classmates or respecting elders."
lesson_vocab_basics,Greetings & Basics,cat_vocab_1778594020532,12,text,ᱤᱧ,Inj – I / Me,,,Curiosity,Making New Friend,Communication,Make a new friend,"Olitun walks along a winding path in the beautiful green village, pointing with curiosity toward the horizon.","Eyes wide with wonder, body leaning forward, pointing with an inquisitive finger.",Olitun demonstrating active observation and a love for finding out new things.
lesson_vocab_basics,Greetings & Basics,cat_vocab_1778594020532,13,text,ᱟᱢ,Am – You,,,Friendship,Exploring Village,Confidence,Learn something new,"Olitun sits peacefully under a large shady tree, looking out over the village with a happy smile.","Warm direct eye contact, relaxed shoulders, open arms in a welcoming gesture.","Olitun showing warmth, inclusion, and building a strong social bond."
lesson_vocab_basics,Greetings & Basics,cat_vocab_1778594020532,14,text,ᱩᱱᱤ,Uni – He / She,,,Kindness,Exploring Nature,Learning,Explore nature,"Olitun stands beside a traditional home, pointing happily at a colorful detail on the hand-painted wall.","Gentle smile, soft eyes, hands offering help or gesturing politely with care.","Olitun putting empathy into action, helping classmates or respecting elders."
lesson_vocab_basics,Greetings & Basics,cat_vocab_1778594020532,15,text,ᱱᱩᱭ,Nuy – This person,,,Curiosity,Making New Friend,Communication,Make a new friend,"Olitun kneels in a patch of wild flowers, looking at the colorful petals with curiosity.","Eyes wide with wonder, body leaning forward, pointing with an inquisitive finger.",Olitun demonstrating active observation and a love for finding out new things.
lesson_vocab_basics,Greetings & Basics,cat_vocab_1778594020532,16,text,ᱚᱠᱚᱭ,Okoy – Who,,,Friendship,Exploring Village,Confidence,Learn something new,"Olitun walks along a winding path in the beautiful green village, pointing with curiosity toward the horizon.","Warm direct eye contact, relaxed shoulders, open arms in a welcoming gesture.","Olitun showing warmth, inclusion, and building a strong social bond."
lesson_vocab_basics,Greetings & Basics,cat_vocab_1778594020532,17,text,ᱪᱮᱫ,Ced – What,,,Kindness,Exploring Nature,Learning,Explore nature,"Olitun sits peacefully under a large shady tree, looking out over the village with a happy smile.","Gentle smile, soft eyes, hands offering help or gesturing politely with care.","Olitun putting empathy into action, helping classmates or respecting elders."
lesson_vocab_basics,Greetings & Basics,cat_vocab_1778594020532,18,text,ᱚᱠᱟ,Oka – Which,,,Curiosity,Making New Friend,Communication,Make a new friend,"Olitun stands beside a traditional home, pointing happily at a colorful detail on the hand-painted wall.","Eyes wide with wonder, body leaning forward, pointing with an inquisitive finger.",Olitun demonstrating active observation and a love for finding out new things.
lesson_vocab_basics,Greetings & Basics,cat_vocab_1778594020532,19,text,ᱡᱩᱢᱤᱫᱽ,Jumid – Unity,,,Friendship,Exploring Village,Confidence,Learn something new,"Olitun kneels in a patch of wild flowers, looking at the colorful petals with curiosity.","Warm direct eye contact, relaxed shoulders, open arms in a welcoming gesture.","Olitun showing warmth, inclusion, and building a strong social bond."
lesson_vocab_family,Family & Relationships,cat_vocab_1778594020532,0,text,ᱵᱟᱵᱟ,Baba – Father,,,Curiosity,Making New Friend,Communication,Make a new friend,"A kind, tall Santhal father and Olitun standing side-by-side, sharing a warm moment as they look over a project.","Eyes wide with wonder, body leaning forward, pointing with an inquisitive finger.",Olitun demonstrating active observation and a love for finding out new things.
lesson_vocab_family,Family & Relationships,cat_vocab_1778594020532,1,text,ᱟᱭᱳ,Ayo – Mother,,,Friendship,Exploring Village,Confidence,Learn something new,A gentle Santhal mother smiling warmly as she helps Olitun adjust a neat shoulder bag.,"Warm direct eye contact, relaxed shoulders, open arms in a welcoming gesture.","Olitun showing warmth, inclusion, and building a strong social bond."
lesson_vocab_family,Family & Relationships,cat_vocab_1778594020532,2,text,ᱳᱲᱟᱜ ᱦᱚᱲ,Orag hor – Spouse / Family member,,,Kindness,Exploring Nature,Learning,Explore nature,"Olitun standing proudly with a family member in front of a neat, decorated village home.","Gentle smile, soft eyes, hands offering help or gesturing politely with care.","Olitun putting empathy into action, helping classmates or respecting elders."
lesson_vocab_family,Family & Relationships,cat_vocab_1778594020532,3,text,ᱫᱟᱫᱟ,Dada – Elder brother,,,Curiosity,Making New Friend,Communication,Make a new friend,"An older brother pointing toward the hills, explaining the weather patterns to Olitun with a confident smile.","Eyes wide with wonder, body leaning forward, pointing with an inquisitive finger.",Olitun demonstrating active observation and a love for finding out new things.
lesson_vocab_family,Family & Relationships,cat_vocab_1778594020532,4,text,ᱫᱟᱹᱭ,Dai – Elder sister,,,Friendship,Exploring Village,Confidence,Learn something new,"Olitun and an older sister reading a storybook together, both looking at the pages with shared focus.","Warm direct eye contact, relaxed shoulders, open arms in a welcoming gesture.","Olitun showing warmth, inclusion, and building a strong social bond."
lesson_vocab_family,Family & Relationships,cat_vocab_1778594020532,5,text,ᱵᱚᱠᱚᱧ,Bokonj – Younger brother,,,Kindness,Exploring Nature,Learning,Explore nature,"Olitun gently guiding a younger brother by the hand, pointing out a colorful butterfly in the garden.","Gentle smile, soft eyes, hands offering help or gesturing politely with care.","Olitun putting empathy into action, helping classmates or respecting elders."
lesson_vocab_family,Family & Relationships,cat_vocab_1778594020532,6,text,ᱢᱤᱥᱮᱨᱟ,Misera – Younger sister,,,Curiosity,Making New Friend,Communication,Make a new friend,"Olitun sitting beside a younger sister, helping her write a word on a clean sand board with pride.","Eyes wide with wonder, body leaning forward, pointing with an inquisitive finger.",Olitun demonstrating active observation and a love for finding out new things.
lesson_vocab_family,Family & Relationships,cat_vocab_1778594020532,7,text,ᱜᱚᱲᱚᱢ ᱦᱟᱲᱟᱢ,Gorom haram – Grandfather,,,Friendship,Exploring Village,Confidence,Learn something new,"A kind, tall Santhal father and Olitun standing side-by-side, sharing a warm moment as they look over a project.","Warm direct eye contact, relaxed shoulders, open arms in a welcoming gesture.","Olitun showing warmth, inclusion, and building a strong social bond."
lesson_vocab_family,Family & Relationships,cat_vocab_1778594020532,8,text,ᱜᱚᱲᱚᱢ ᱵᱩᱰᱷᱤ,Gorom budhi – Grandmother,,,Kindness,Exploring Nature,Learning,Explore nature,A gentle Santhal mother smiling warmly as she helps Olitun adjust a neat shoulder bag.,"Gentle smile, soft eyes, hands offering help or gesturing politely with care.","Olitun putting empathy into action, helping classmates or respecting elders."
lesson_vocab_family,Family & Relationships,cat_vocab_1778594020532,9,text,ᱠᱟᱠᱟ,Kaka – Uncle (father's younger brother),,,Curiosity,Making New Friend,Communication,Make a new friend,"A kind, tall Santhal father and Olitun standing side-by-side, sharing a warm moment as they look over a project.","Eyes wide with wonder, body leaning forward, pointing with an inquisitive finger.",Olitun demonstrating active observation and a love for finding out new things.
lesson_vocab_family,Family & Relationships,cat_vocab_1778594020532,10,text,ᱠᱟᱠᱤ,Kaki – Aunt (father's younger brother's wife),,,Friendship,Exploring Village,Confidence,Learn something new,"A kind, tall Santhal father and Olitun standing side-by-side, sharing a warm moment as they look over a project.","Warm direct eye contact, relaxed shoulders, open arms in a welcoming gesture.","Olitun showing warmth, inclusion, and building a strong social bond."
lesson_vocab_family,Family & Relationships,cat_vocab_1778594020532,11,text,ᱢᱟᱢᱚ,Mamo – Maternal Uncle,,,Kindness,Exploring Nature,Learning,Explore nature,Olitun watching with interest as a kind uncle tunes a traditional stringed banam instrument.,"Gentle smile, soft eyes, hands offering help or gesturing politely with care.","Olitun putting empathy into action, helping classmates or respecting elders."
lesson_vocab_family,Family & Relationships,cat_vocab_1778594020532,12,text,ᱦᱟᱛᱚᱢ,Hatom – Aunt (father's sister),,,Curiosity,Making New Friend,Communication,Make a new friend,"A kind, tall Santhal father and Olitun standing side-by-side, sharing a warm moment as they look over a project.","Eyes wide with wonder, body leaning forward, pointing with an inquisitive finger.",Olitun demonstrating active observation and a love for finding out new things.
lesson_vocab_family,Family & Relationships,cat_vocab_1778594020532,13,text,ᱜᱚᱝᱜᱚ,Gongo – Uncle (father's elder brother),,,Friendship,Exploring Village,Confidence,Learn something new,"A kind, tall Santhal father and Olitun standing side-by-side, sharing a warm moment as they look over a project.","Warm direct eye contact, relaxed shoulders, open arms in a welcoming gesture.","Olitun showing warmth, inclusion, and building a strong social bond."
lesson_vocab_family,Family & Relationships,cat_vocab_1778594020532,14,text,ᱵᱟᱹᱦᱩ,Bahu – Wife / Daughter-in-law,,,Kindness,Exploring Nature,Learning,Explore nature,"Olitun stands beside a traditional home, pointing happily at a colorful detail on the hand-painted wall.","Gentle smile, soft eyes, hands offering help or gesturing politely with care.","Olitun putting empathy into action, helping classmates or respecting elders."
lesson_vocab_family,Family & Relationships,cat_vocab_1778594020532,15,text,ᱡᱟᱶᱟᱭ,Jaway – Husband / Son-in-law,,,Curiosity,Making New Friend,Communication,Make a new friend,"Olitun kneels in a patch of wild flowers, looking at the colorful petals with curiosity.","Eyes wide with wonder, body leaning forward, pointing with an inquisitive finger.",Olitun demonstrating active observation and a love for finding out new things.
lesson_vocab_family,Family & Relationships,cat_vocab_1778594020532,16,text,ᱵᱮᱴᱟ,Beta – Son,,,Friendship,Exploring Village,Confidence,Learn something new,"Olitun walks along a winding path in the beautiful green village, pointing with curiosity toward the horizon.","Warm direct eye contact, relaxed shoulders, open arms in a welcoming gesture.","Olitun showing warmth, inclusion, and building a strong social bond."
lesson_vocab_family,Family & Relationships,cat_vocab_1778594020532,17,text,ᱵᱤᱴᱤ,Biti – Daughter,,,Kindness,Exploring Nature,Learning,Explore nature,"Olitun sits peacefully under a large shady tree, looking out over the village with a happy smile.","Gentle smile, soft eyes, hands offering help or gesturing politely with care.","Olitun putting empathy into action, helping classmates or respecting elders."
lesson_vocab_family,Family & Relationships,cat_vocab_1778594020532,18,text,ᱜᱟᱛᱮ,Gate – Friend,,,Friendship,Making New Friend,Communication,Make a new friend,"Olitun smiling warmly while pointing happily toward the learner, conveying a deep feeling of friendship and belonging.","Warm direct eye contact, relaxed shoulders, open arms in a welcoming gesture.","Olitun showing warmth, inclusion, and building a strong social bond."
lesson_vocab_family,Family & Relationships,cat_vocab_1778594020532,19,text,ᱦᱚᱯᱚᱱ,Hopon – Child / Son,,,Friendship,Exploring Village,Confidence,Learn something new,"Olitun kneels in a patch of wild flowers, looking at the colorful petals with curiosity.","Warm direct eye contact, relaxed shoulders, open arms in a welcoming gesture.","Olitun showing warmth, inclusion, and building a strong social bond."
lesson_vocab_daily,Daily Use Words,cat_vocab_1778594020532,0,text,ᱫᱟᱜ,Dag – Water,,,Confidence,Learning New Things,Learning,Complete a task,"Olitun drinking cool, clean water from a traditional clay pot, looking refreshed and happy.","Standing tall, head held high, chest slightly out, a bright and self-assured smile.","Olitun exhibiting self-reliance, readiness to learn, and pride in their capabilities."
lesson_vocab_daily,Daily Use Words,cat_vocab_1778594020532,1,text,ᱫᱟᱠᱟ,Daka – Cooked Rice / Food,,,Gratitude,Helping Others,Confidence,Practice communication,"Olitun points to a chalkboard showing simple diagrams, looking encouragingly toward classmates.","Slightly bowed head, hands held together or offering a token of appreciation, warm smile.",Olitun acknowledging and appreciating the kindness and efforts of others.
lesson_vocab_daily,Daily Use Words,cat_vocab_1778594020532,2,text,ᱳᱲᱟᱜ,Orag – Home / House,,,Responsibility,Building Confidence,Responsibility,Build confidence,"Olitun works carefully on a drawing page spread out on a wooden table, focused and happy.","Focused and attentive expression, steady hands working carefully, steady stance.","Olitun taking charge of duties, caring for the environment or community."
lesson_vocab_daily,Daily Use Words,cat_vocab_1778594020532,3,text,ᱠᱤᱪᱨᱤᱡ,Kicrij – Cloth,,,Confidence,Learning New Things,Learning,Help someone,"Olitun stands tall in a schoolyard, holding a new notebook and smiling with pride.","Standing tall, head held high, chest slightly out, a bright and self-assured smile.","Olitun exhibiting self-reliance, readiness to learn, and pride in their capabilities."
lesson_vocab_daily,Daily Use Words,cat_vocab_1778594020532,4,text,ᱦᱚᱨ,Hor – Path / Road,,,Gratitude,Helping Others,Confidence,Complete a task,"Olitun proudly holds a hand-painted wooden sign, smiling warmly with confidence.","Slightly bowed head, hands held together or offering a token of appreciation, warm smile.",Olitun acknowledging and appreciating the kindness and efforts of others.
lesson_vocab_daily,Daily Use Words,cat_vocab_1778594020532,5,text,ᱟᱹᱛᱩ,Atu – Village,,,Responsibility,Building Confidence,Responsibility,Practice communication,"Olitun points to a chalkboard showing simple diagrams, looking encouragingly toward classmates.","Focused and attentive expression, steady hands working carefully, steady stance.","Olitun taking charge of duties, caring for the environment or community."
lesson_vocab_daily,Daily Use Words,cat_vocab_1778594020532,6,text,ᱴᱟᱠᱟ,Taka – Money,,,Confidence,Learning New Things,Learning,Build confidence,"Olitun works carefully on a drawing page spread out on a wooden table, focused and happy.","Standing tall, head held high, chest slightly out, a bright and self-assured smile.","Olitun exhibiting self-reliance, readiness to learn, and pride in their capabilities."
lesson_vocab_daily,Daily Use Words,cat_vocab_1778594020532,7,text,ᱡᱚᱢ,Jom – Eat,,,Gratitude,Helping Others,Confidence,Help someone,"Olitun stands tall in a schoolyard, holding a new notebook and smiling with pride.","Slightly bowed head, hands held together or offering a token of appreciation, warm smile.",Olitun acknowledging and appreciating the kindness and efforts of others.
lesson_vocab_daily,Daily Use Words,cat_vocab_1778594020532,8,text,ᱧᱩ,Nju – Drink,,,Responsibility,Building Confidence,Responsibility,Complete a task,"Olitun proudly holds a hand-painted wooden sign, smiling warmly with confidence.","Focused and attentive expression, steady hands working carefully, steady stance.","Olitun taking charge of duties, caring for the environment or community."
lesson_vocab_daily,Daily Use Words,cat_vocab_1778594020532,9,text,ᱜᱤᱛᱤᱡ,Gitij – Sleep,,,Confidence,Learning New Things,Learning,Practice communication,"Olitun points to a chalkboard showing simple diagrams, looking encouragingly toward classmates.","Standing tall, head held high, chest slightly out, a bright and self-assured smile.","Olitun exhibiting self-reliance, readiness to learn, and pride in their capabilities."
lesson_vocab_daily,Daily Use Words,cat_vocab_1778594020532,10,text,ᱪᱟᱞᱟᱜ,Chalag – Go,,,Gratitude,Helping Others,Confidence,Build confidence,"Olitun works carefully on a drawing page spread out on a wooden table, focused and happy.","Slightly bowed head, hands held together or offering a token of appreciation, warm smile.",Olitun acknowledging and appreciating the kindness and efforts of others.
lesson_vocab_daily,Daily Use Words,cat_vocab_1778594020532,11,text,ᱦᱤᱡᱩᱜ,Hijug – Come,,,Responsibility,Building Confidence,Responsibility,Help someone,"Olitun stands tall in a schoolyard, holding a new notebook and smiling with pride.","Focused and attentive expression, steady hands working carefully, steady stance.","Olitun taking charge of duties, caring for the environment or community."
lesson_vocab_daily,Daily Use Words,cat_vocab_1778594020532,12,text,ᱠᱟᱹᱢᱤ,Kami – Work,,,Confidence,Learning New Things,Learning,Complete a task,"Olitun carefully carrying out a task, like neatly filing books or designing a wooden model, demonstrating capability and responsibility.","Standing tall, head held high, chest slightly out, a bright and self-assured smile.","Olitun exhibiting self-reliance, readiness to learn, and pride in their capabilities."
lesson_vocab_daily,Daily Use Words,cat_vocab_1778594020532,13,text,ᱫᱩᱲᱩᱵ,Durub – Sit,,,Gratitude,Helping Others,Confidence,Practice communication,"Olitun points to a chalkboard showing simple diagrams, looking encouragingly toward classmates.","Slightly bowed head, hands held together or offering a token of appreciation, warm smile.",Olitun acknowledging and appreciating the kindness and efforts of others.
lesson_vocab_daily,Daily Use Words,cat_vocab_1778594020532,14,text,ᱛᱮᱸᱜᱚ,Tengo – Stand,,,Responsibility,Building Confidence,Responsibility,Build confidence,"Olitun works carefully on a drawing page spread out on a wooden table, focused and happy.","Focused and attentive expression, steady hands working carefully, steady stance.","Olitun taking charge of duties, caring for the environment or community."
lesson_vocab_daily,Daily Use Words,cat_vocab_1778594020532,15,text,ᱚᱞ,Ol – Write,,,Confidence,Learning New Things,Learning,Build confidence,"Olitun writing clean Ol Chiki characters on a blackboard with chalk, standing tall with confidence.","Standing tall, head held high, chest slightly out, a bright and self-assured smile.","Olitun exhibiting self-reliance, readiness to learn, and pride in their capabilities."
lesson_vocab_daily,Daily Use Words,cat_vocab_1778594020532,16,text,ᱯᱟᱲᱦᱟᱣ,Parhaw – Read / Study,,,Confidence,Learning New Things,Learning,Build confidence,"Olitun excitedly discovering knowledge inside a large, open picture book that glows with colorful patterns.","Standing tall, head held high, chest slightly out, a bright and self-assured smile.","Olitun exhibiting self-reliance, readiness to learn, and pride in their capabilities."
lesson_vocab_daily,Daily Use Words,cat_vocab_1778594020532,17,text,ᱨᱚᱲ,Ror – Speak / Language,,,Responsibility,Building Confidence,Responsibility,Practice communication,"Olitun points to a chalkboard showing simple diagrams, looking encouragingly toward classmates.","Focused and attentive expression, steady hands working carefully, steady stance.","Olitun taking charge of duties, caring for the environment or community."
lesson_vocab_daily,Daily Use Words,cat_vocab_1778594020532,18,text,ᱥᱮᱱᱚᱜ,Senog – Depart / Go,,,Confidence,Learning New Things,Learning,Build confidence,"Olitun works carefully on a drawing page spread out on a wooden table, focused and happy.","Standing tall, head held high, chest slightly out, a bright and self-assured smile.","Olitun exhibiting self-reliance, readiness to learn, and pride in their capabilities."
lesson_vocab_daily,Daily Use Words,cat_vocab_1778594020532,19,text,ᱞᱟᱸᱫᱟ,Landa – Laugh,,,Gratitude,Helping Others,Confidence,Help someone,"Olitun stands tall in a schoolyard, holding a new notebook and smiling with pride.","Slightly bowed head, hands held together or offering a token of appreciation, warm smile.",Olitun acknowledging and appreciating the kindness and efforts of others.
lesson_vocab_colors,Colors,cat_vocab_1778594020532,0,text,ᱟᱨᱟᱜ,Arag – Red,,,Curiosity,Making New Friend,Communication,Make a new friend,"Olitun holds a ripe, bright red pomegranate, showing its rich color with a proud and happy smile.","Eyes wide with wonder, body leaning forward, pointing with an inquisitive finger.",Olitun demonstrating active observation and a love for finding out new things.
lesson_vocab_colors,Colors,cat_vocab_1778594020532,1,text,ᱥᱟᱥᱟᱝ,Sasang – Yellow,,,Friendship,Exploring Village,Confidence,Learn something new,"Olitun holds up a bright yellow sunflower, smiling warmly under the bright sunlight of the field.","Warm direct eye contact, relaxed shoulders, open arms in a welcoming gesture.","Olitun showing warmth, inclusion, and building a strong social bond."
lesson_vocab_colors,Colors,cat_vocab_1778594020532,2,text,ᱦᱟᱹᱨᱭᱟᱹᱲ,Haryar – Green,,,Kindness,Exploring Nature,Learning,Explore nature,"Olitun stands in a lush green rice field, looking around with arms spread wide, feeling connected to the earth.","Gentle smile, soft eyes, hands offering help or gesturing politely with care.","Olitun putting empathy into action, helping classmates or respecting elders."
lesson_vocab_colors,Colors,cat_vocab_1778594020532,3,text,ᱯᱩᱸᱰ,Pund – White,,,Curiosity,Making New Friend,Communication,Make a new friend,Olitun points happily to a pristine white jasmine flower blooming on a green bush in the garden.,"Eyes wide with wonder, body leaning forward, pointing with an inquisitive finger.",Olitun demonstrating active observation and a love for finding out new things.
lesson_vocab_colors,Colors,cat_vocab_1778594020532,4,text,ᱦᱮᱱᱫᱮ,Hende – Black,,,Friendship,Exploring Village,Confidence,Learn something new,"Olitun looks at a glossy black obsidian stone found near the stream, holding it up to catch the light with wonder.","Warm direct eye contact, relaxed shoulders, open arms in a welcoming gesture.","Olitun showing warmth, inclusion, and building a strong social bond."
lesson_vocab_colors,Colors,cat_vocab_1778594020532,5,text,ᱞᱤᱞ,Lil – Blue,,,Kindness,Exploring Nature,Learning,Explore nature,"Olitun points to the deep blue sky dotted with fluffy white clouds, eyes shining with curiosity.","Gentle smile, soft eyes, hands offering help or gesturing politely with care.","Olitun putting empathy into action, helping classmates or respecting elders."
lesson_vocab_colors,Colors,cat_vocab_1778594020532,6,text,ᱞᱩᱢᱟᱹᱝ,Lumang – Golden / Silk color,,,Curiosity,Making New Friend,Communication,Make a new friend,"Olitun admires a strand of golden raw silk thread, holding it up to watch it shimmer in the sun.","Eyes wide with wonder, body leaning forward, pointing with an inquisitive finger.",Olitun demonstrating active observation and a love for finding out new things.
lesson_vocab_colors,Colors,cat_vocab_1778594020532,7,text,ᱦᱟᱥᱟ ᱨᱚᱝ,Hasa rong – Brown / Mud color,,,Friendship,Exploring Village,Confidence,Learn something new,"Olitun works with rich brown clay, sculpting a small toy pot with focused, creative hands.","Warm direct eye contact, relaxed shoulders, open arms in a welcoming gesture.","Olitun showing warmth, inclusion, and building a strong social bond."
lesson_vocab_colors,Colors,cat_vocab_1778594020532,8,text,ᱜᱩᱞᱟᱹᱯ,Gulap – Pink,,,Kindness,Exploring Nature,Learning,Explore nature,"Olitun holding a soft pink lotus flower gently, smiling at its beautiful petals.","Gentle smile, soft eyes, hands offering help or gesturing politely with care.","Olitun putting empathy into action, helping classmates or respecting elders."
lesson_vocab_colors,Colors,cat_vocab_1778594020532,9,text,ᱵᱮᱸᱜᱟᱲ,Bengad – Purple / Eggplant color,,,Curiosity,Making New Friend,Communication,Make a new friend,"Olitun harvesting a ripe, glossy purple eggplant from the garden, looking proud of the yield.","Eyes wide with wonder, body leaning forward, pointing with an inquisitive finger.",Olitun demonstrating active observation and a love for finding out new things.
lesson_vocab_colors,Colors,cat_vocab_1778594020532,10,text,ᱠᱩᱭᱞᱟᱹ,Kuyla – Charcoal / Deep black,,,Friendship,Exploring Village,Confidence,Learn something new,"Olitun holding a piece of black charcoal, sketching a clean drawing on a stone tablet with focus.","Warm direct eye contact, relaxed shoulders, open arms in a welcoming gesture.","Olitun showing warmth, inclusion, and building a strong social bond."
lesson_vocab_colors,Colors,cat_vocab_1778594020532,11,text,ᱪᱟᱸᱫᱚ ᱨᱚᱝ,Chando rong – Silver / Moon color,,,Kindness,Exploring Nature,Learning,Explore nature,"Olitun points up at the bright silver crescent moon in the night sky, eyes filled with wonder.","Gentle smile, soft eyes, hands offering help or gesturing politely with care.","Olitun putting empathy into action, helping classmates or respecting elders."
lesson_vocab_colors,Colors,cat_vocab_1778594020532,12,text,ᱥᱮᱸᱜᱮᱞ ᱨᱚᱝ,Sengel rong – Orange / Fire color,,,Curiosity,Making New Friend,Communication,Make a new friend,"Olitun looking at a crackling orange campfire, warm light reflecting on a happy, peaceful face.","Eyes wide with wonder, body leaning forward, pointing with an inquisitive finger.",Olitun demonstrating active observation and a love for finding out new things.
lesson_vocab_colors,Colors,cat_vocab_1778594020532,13,text,ᱥᱟᱠᱟᱢ ᱨᱚᱝ,Sakam rong – Leaf green,,,Friendship,Exploring Village,Confidence,Learn something new,"Olitun compares two different shades of green leaves, looking closely with curious eyes.","Warm direct eye contact, relaxed shoulders, open arms in a welcoming gesture.","Olitun showing warmth, inclusion, and building a strong social bond."
lesson_vocab_colors,Colors,cat_vocab_1778594020532,14,text,ᱥᱤᱨᱢᱟ ᱨᱚᱝ,Sirma rong – Sky blue,,,Kindness,Exploring Nature,Learning,Explore nature,"Olitun sits on a grassy hill, looking up at the vast sky-blue horizon with a hopeful expression.","Gentle smile, soft eyes, hands offering help or gesturing politely with care.","Olitun putting empathy into action, helping classmates or respecting elders."
lesson_vocab_colors,Colors,cat_vocab_1778594020532,15,text,ᱢᱮᱫ ᱨᱚᱝ,Med rong – Eye color,,,Curiosity,Making New Friend,Communication,Make a new friend,"Olitun kneels in a patch of wild flowers, looking at the colorful petals with curiosity.","Eyes wide with wonder, body leaning forward, pointing with an inquisitive finger.",Olitun demonstrating active observation and a love for finding out new things.
lesson_vocab_colors,Colors,cat_vocab_1778594020532,16,text,ᱞᱟᱨ,Lar – Indigo,,,Friendship,Exploring Village,Confidence,Learn something new,"Olitun walks along a winding path in the beautiful green village, pointing with curiosity toward the horizon.","Warm direct eye contact, relaxed shoulders, open arms in a welcoming gesture.","Olitun showing warmth, inclusion, and building a strong social bond."
lesson_vocab_colors,Colors,cat_vocab_1778594020532,17,text,ᱪᱚᱢᱠᱟᱣ,Comkaw – Shiny / Bright,,,Kindness,Exploring Nature,Learning,Explore nature,"Olitun holding a shiny, polished brass plate that reflects the morning sunlight with brilliant rays.","Gentle smile, soft eyes, hands offering help or gesturing politely with care.","Olitun putting empathy into action, helping classmates or respecting elders."
lesson_vocab_colors,Colors,cat_vocab_1778594020532,18,text,ᱢᱤᱞᱚᱱ,Milon – Mixed color,,,Curiosity,Making New Friend,Communication,Make a new friend,"Olitun mixing different colored clay on a wooden board, laughing with creative excitement.","Eyes wide with wonder, body leaning forward, pointing with an inquisitive finger.",Olitun demonstrating active observation and a love for finding out new things.
lesson_vocab_colors,Colors,cat_vocab_1778594020532,19,text,ᱠᱷᱟᱹᱱᱰᱤᱭᱟᱹ,Khandiya – Dark shade / Grey,,,Friendship,Exploring Village,Confidence,Learn something new,"Olitun looking at a smooth grey river pebble, feeling its texture with a curious, calm expression.","Warm direct eye contact, relaxed shoulders, open arms in a welcoming gesture.","Olitun showing warmth, inclusion, and building a strong social bond."
lesson_vocab_nature,Animals & Nature,cat_vocab_1778594020532,0,text,ᱥᱮᱛᱟ,Seta – Dog,,,Curiosity,Making New Friend,Communication,Make a new friend,"Olitun walks along a winding path in the beautiful green village, pointing with curiosity toward the horizon.","Eyes wide with wonder, body leaning forward, pointing with an inquisitive finger.",Olitun demonstrating active observation and a love for finding out new things.
lesson_vocab_nature,Animals & Nature,cat_vocab_1778594020532,1,text,ᱯᱩᱥᱤ,Pusi – Cat,,,Friendship,Exploring Village,Confidence,Learn something new,"Olitun sits peacefully under a large shady tree, looking out over the village with a happy smile.","Warm direct eye contact, relaxed shoulders, open arms in a welcoming gesture.","Olitun showing warmth, inclusion, and building a strong social bond."
lesson_vocab_nature,Animals & Nature,cat_vocab_1778594020532,2,text,ᱢᱮᱨᱳᱢ,Merom – Goat,,,Kindness,Exploring Nature,Learning,Explore nature,"Olitun stands beside a traditional home, pointing happily at a colorful detail on the hand-painted wall.","Gentle smile, soft eyes, hands offering help or gesturing politely with care.","Olitun putting empathy into action, helping classmates or respecting elders."
lesson_vocab_nature,Animals & Nature,cat_vocab_1778594020532,3,text,ᱜᱟᱹᱭ,Gai – Cow,,,Curiosity,Making New Friend,Communication,Make a new friend,"Olitun kneels in a patch of wild flowers, looking at the colorful petals with curiosity.","Eyes wide with wonder, body leaning forward, pointing with an inquisitive finger.",Olitun demonstrating active observation and a love for finding out new things.
lesson_vocab_nature,Animals & Nature,cat_vocab_1778594020532,4,text,ᱛᱟᱹᱨᱩᱵ,Tarub – Tiger,,,Friendship,Exploring Village,Confidence,Learn something new,"Olitun walks along a winding path in the beautiful green village, pointing with curiosity toward the horizon.","Warm direct eye contact, relaxed shoulders, open arms in a welcoming gesture.","Olitun showing warmth, inclusion, and building a strong social bond."
lesson_vocab_nature,Animals & Nature,cat_vocab_1778594020532,5,text,ᱪᱮᱬᱮ,Cene – Bird,,,Kindness,Exploring Nature,Learning,Explore nature,"Olitun sits peacefully under a large shady tree, looking out over the village with a happy smile.","Gentle smile, soft eyes, hands offering help or gesturing politely with care.","Olitun putting empathy into action, helping classmates or respecting elders."
lesson_vocab_nature,Animals & Nature,cat_vocab_1778594020532,6,text,ᱦᱟᱹᱠᱩ,Haku – Fish,,,Curiosity,Making New Friend,Communication,Make a new friend,"Olitun stands beside a traditional home, pointing happily at a colorful detail on the hand-painted wall.","Eyes wide with wonder, body leaning forward, pointing with an inquisitive finger.",Olitun demonstrating active observation and a love for finding out new things.
lesson_vocab_nature,Animals & Nature,cat_vocab_1778594020532,7,text,ᱫᱟᱨᱮ,Dare – Tree,,,Curiosity,Exploring Nature,Learning,Explore nature,"Olitun planting a young green seedling in rich soil, showing care and responsibility for nature.","Eyes wide with wonder, body leaning forward, pointing with an inquisitive finger.",Olitun demonstrating active observation and a love for finding out new things.
lesson_vocab_nature,Animals & Nature,cat_vocab_1778594020532,8,text,ᱵᱟᱦᱟ,Baha – Flower,,,Curiosity,Exploring Nature,Learning,Explore nature,"Olitun holding a vibrant wild flower, smelling its scent with a happy, relaxed expression.","Eyes wide with wonder, body leaning forward, pointing with an inquisitive finger.",Olitun demonstrating active observation and a love for finding out new things.
lesson_vocab_nature,Animals & Nature,cat_vocab_1778594020532,9,text,ᱦᱟᱹᱛᱤ,Hati – Elephant,,,Curiosity,Making New Friend,Communication,Make a new friend,"Olitun sits peacefully under a large shady tree, looking out over the village with a happy smile.","Eyes wide with wonder, body leaning forward, pointing with an inquisitive finger.",Olitun demonstrating active observation and a love for finding out new things.
lesson_vocab_nature,Animals & Nature,cat_vocab_1778594020532,10,text,ᱠᱩᱞ,Kul – Lion,,,Friendship,Exploring Village,Confidence,Learn something new,"Olitun stands beside a traditional home, pointing happily at a colorful detail on the hand-painted wall.","Warm direct eye contact, relaxed shoulders, open arms in a welcoming gesture.","Olitun showing warmth, inclusion, and building a strong social bond."
lesson_vocab_nature,Animals & Nature,cat_vocab_1778594020532,11,text,ᱵᱤᱧ,Binj – Snake,,,Kindness,Exploring Nature,Learning,Explore nature,"Olitun kneels in a patch of wild flowers, looking at the colorful petals with curiosity.","Gentle smile, soft eyes, hands offering help or gesturing politely with care.","Olitun putting empathy into action, helping classmates or respecting elders."
lesson_vocab_nature,Animals & Nature,cat_vocab_1778594020532,12,text,ᱥᱟᱫᱚᱢ,Sadom – Horse,,,Curiosity,Making New Friend,Communication,Make a new friend,"Olitun walks along a winding path in the beautiful green village, pointing with curiosity toward the horizon.","Eyes wide with wonder, body leaning forward, pointing with an inquisitive finger.",Olitun demonstrating active observation and a love for finding out new things.
lesson_vocab_nature,Animals & Nature,cat_vocab_1778594020532,13,text,ᱵᱷᱤᱰᱤ,Bhidi – Sheep,,,Friendship,Exploring Village,Confidence,Learn something new,"Olitun sits peacefully under a large shady tree, looking out over the village with a happy smile.","Warm direct eye contact, relaxed shoulders, open arms in a welcoming gesture.","Olitun showing warmth, inclusion, and building a strong social bond."
lesson_vocab_nature,Animals & Nature,cat_vocab_1778594020532,14,text,ᱠᱟᱰᱟ,Kada – Buffalo,,,Kindness,Exploring Nature,Learning,Explore nature,"Olitun stands beside a traditional home, pointing happily at a colorful detail on the hand-painted wall.","Gentle smile, soft eyes, hands offering help or gesturing politely with care.","Olitun putting empathy into action, helping classmates or respecting elders."
lesson_vocab_nature,Animals & Nature,cat_vocab_1778594020532,15,text,ᱥᱩᱠᱨᱤ,Sukri – Pig,,,Curiosity,Making New Friend,Communication,Make a new friend,"Olitun kneels in a patch of wild flowers, looking at the colorful petals with curiosity.","Eyes wide with wonder, body leaning forward, pointing with an inquisitive finger.",Olitun demonstrating active observation and a love for finding out new things.
lesson_vocab_nature,Animals & Nature,cat_vocab_1778594020532,16,text,ᱥᱤᱢ,Sim – Chicken / Hen,,,Friendship,Exploring Village,Confidence,Learn something new,"Olitun walks along a winding path in the beautiful green village, pointing with curiosity toward the horizon.","Warm direct eye contact, relaxed shoulders, open arms in a welcoming gesture.","Olitun showing warmth, inclusion, and building a strong social bond."
lesson_vocab_nature,Animals & Nature,cat_vocab_1778594020532,17,text,ᱥᱮᱨᱢᱟ,Serma – Sky,,,Kindness,Exploring Nature,Learning,Explore nature,"Olitun sits peacefully under a large shady tree, looking out over the village with a happy smile.","Gentle smile, soft eyes, hands offering help or gesturing politely with care.","Olitun putting empathy into action, helping classmates or respecting elders."
lesson_vocab_nature,Animals & Nature,cat_vocab_1778594020532,18,text,ᱤᱯᱤᱞ,Ipil – Star,,,Curiosity,Making New Friend,Learning,Explore nature,"Olitun lying on a straw mat under a clear night sky, pointing at a shooting star in wonder.","Eyes wide with wonder, body leaning forward, pointing with an inquisitive finger.",Olitun demonstrating active observation and a love for finding out new things.
lesson_vocab_nature,Animals & Nature,cat_vocab_1778594020532,19,text,ᱥᱤᱸᱜᱮ,Singe – Sun,,,Friendship,Exploring Village,Confidence,Learn something new,"Olitun looking up at the warm morning sun rising over the hills, eyes filled with hope.","Warm direct eye contact, relaxed shoulders, open arms in a welcoming gesture.","Olitun showing warmth, inclusion, and building a strong social bond."
lesson_vocab_time,"Months, Days & Seasons",cat_vocab_1778594020532,0,text,ᱪᱟᱸᱫᱚ,Chando – Month,,,Confidence,Learning New Things,Learning,Complete a task,"Olitun proudly holds a hand-painted wooden sign, smiling warmly with confidence.","Standing tall, head held high, chest slightly out, a bright and self-assured smile.","Olitun exhibiting self-reliance, readiness to learn, and pride in their capabilities."
lesson_vocab_time,"Months, Days & Seasons",cat_vocab_1778594020532,1,text,ᱢᱟᱦᱟ,Maha – Day,,,Gratitude,Helping Others,Confidence,Practice communication,"Olitun points to a chalkboard showing simple diagrams, looking encouragingly toward classmates.","Slightly bowed head, hands held together or offering a token of appreciation, warm smile.",Olitun acknowledging and appreciating the kindness and efforts of others.
lesson_vocab_time,"Months, Days & Seasons",cat_vocab_1778594020532,2,text,ᱛᱮᱦᱮᱧ,Tehenj – Today,,,Responsibility,Building Confidence,Responsibility,Build confidence,"Olitun works carefully on a drawing page spread out on a wooden table, focused and happy.","Focused and attentive expression, steady hands working carefully, steady stance.","Olitun taking charge of duties, caring for the environment or community."
lesson_vocab_time,"Months, Days & Seasons",cat_vocab_1778594020532,3,text,ᱜᱟᱯᱟ,Gapa – Tomorrow,,,Confidence,Learning New Things,Learning,Help someone,"Olitun stands tall in a schoolyard, holding a new notebook and smiling with pride.","Standing tall, head held high, chest slightly out, a bright and self-assured smile.","Olitun exhibiting self-reliance, readiness to learn, and pride in their capabilities."
lesson_vocab_time,"Months, Days & Seasons",cat_vocab_1778594020532,4,text,ᱦᱚᱞᱟ,Hola – Yesterday,,,Gratitude,Helping Others,Confidence,Complete a task,"Olitun proudly holds a hand-painted wooden sign, smiling warmly with confidence.","Slightly bowed head, hands held together or offering a token of appreciation, warm smile.",Olitun acknowledging and appreciating the kindness and efforts of others.
lesson_vocab_time,"Months, Days & Seasons",cat_vocab_1778594020532,5,text,ᱥᱤᱛᱩᱝ ᱨᱤᱛᱩ,Situng ritu – Summer,,,Responsibility,Building Confidence,Responsibility,Practice communication,"Olitun points to a chalkboard showing simple diagrams, looking encouragingly toward classmates.","Focused and attentive expression, steady hands working carefully, steady stance.","Olitun taking charge of duties, caring for the environment or community."
lesson_vocab_time,"Months, Days & Seasons",cat_vocab_1778594020532,6,text,ᱫᱟᱜ ᱨᱤᱛᱩ,Dag ritu – Rainy Season,,,Confidence,Learning New Things,Learning,Build confidence,"Olitun standing under a shelter, watching fresh raindrops fall on green leaves, smiling with curiosity.","Standing tall, head held high, chest slightly out, a bright and self-assured smile.","Olitun exhibiting self-reliance, readiness to learn, and pride in their capabilities."
lesson_vocab_time,"Months, Days & Seasons",cat_vocab_1778594020532,7,text,ᱥᱮᱨᱢᱟ,Serma – Year,,,Gratitude,Helping Others,Confidence,Help someone,"Olitun stands tall in a schoolyard, holding a new notebook and smiling with pride.","Slightly bowed head, hands held together or offering a token of appreciation, warm smile.",Olitun acknowledging and appreciating the kindness and efforts of others.
lesson_vocab_time,"Months, Days & Seasons",cat_vocab_1778594020532,8,text,ᱚᱠᱛᱚ,Okto – Time,,,Responsibility,Building Confidence,Responsibility,Complete a task,"Olitun proudly holds a hand-painted wooden sign, smiling warmly with confidence.","Focused and attentive expression, steady hands working carefully, steady stance.","Olitun taking charge of duties, caring for the environment or community."
lesson_vocab_time,"Months, Days & Seasons",cat_vocab_1778594020532,9,text,ᱧᱤᱫᱟᱹ,Njida – Night,,,Confidence,Learning New Things,Learning,Practice communication,"Olitun points to a chalkboard showing simple diagrams, looking encouragingly toward classmates.","Standing tall, head held high, chest slightly out, a bright and self-assured smile.","Olitun exhibiting self-reliance, readiness to learn, and pride in their capabilities."
lesson_vocab_time,"Months, Days & Seasons",cat_vocab_1778594020532,10,text,ᱥᱮᱛᱟᱜ,Setag – Morning,,,Gratitude,Helping Others,Confidence,Build confidence,"Olitun works carefully on a drawing page spread out on a wooden table, focused and happy.","Slightly bowed head, hands held together or offering a token of appreciation, warm smile.",Olitun acknowledging and appreciating the kindness and efforts of others.
lesson_vocab_time,"Months, Days & Seasons",cat_vocab_1778594020532,11,text,ᱴᱤᱠᱤᱱ,Tikin – Noon,,,Responsibility,Building Confidence,Responsibility,Help someone,"Olitun stands tall in a schoolyard, holding a new notebook and smiling with pride.","Focused and attentive expression, steady hands working carefully, steady stance.","Olitun taking charge of duties, caring for the environment or community."
lesson_vocab_time,"Months, Days & Seasons",cat_vocab_1778594020532,12,text,ᱟᱹᱭᱩᱵ,Ayub – Evening,,,Confidence,Learning New Things,Learning,Complete a task,"Olitun proudly holds a hand-painted wooden sign, smiling warmly with confidence.","Standing tall, head held high, chest slightly out, a bright and self-assured smile.","Olitun exhibiting self-reliance, readiness to learn, and pride in their capabilities."
lesson_vocab_time,"Months, Days & Seasons",cat_vocab_1778594020532,13,text,ᱨᱟᱵᱟᱝ ᱨᱤᱛᱩ,Rabang ritu – Winter,,,Gratitude,Helping Others,Confidence,Practice communication,"Olitun points to a chalkboard showing simple diagrams, looking encouragingly toward classmates.","Slightly bowed head, hands held together or offering a token of appreciation, warm smile.",Olitun acknowledging and appreciating the kindness and efforts of others.
lesson_vocab_time,"Months, Days & Seasons",cat_vocab_1778594020532,14,text,ᱥᱤᱸᱜᱮ ᱢᱟᱦᱟ,Singe maha – Sunday,,,Responsibility,Building Confidence,Responsibility,Build confidence,"Olitun looking up at the warm morning sun rising over the hills, eyes filled with hope.","Focused and attentive expression, steady hands working carefully, steady stance.","Olitun taking charge of duties, caring for the environment or community."
lesson_vocab_time,"Months, Days & Seasons",cat_vocab_1778594020532,15,text,ᱚᱛᱮ ᱢᱟᱦᱟ,Ote maha – Monday,,,Confidence,Learning New Things,Learning,Help someone,"Olitun stands tall in a schoolyard, holding a new notebook and smiling with pride.","Standing tall, head held high, chest slightly out, a bright and self-assured smile.","Olitun exhibiting self-reliance, readiness to learn, and pride in their capabilities."
lesson_vocab_time,"Months, Days & Seasons",cat_vocab_1778594020532,16,text,ᱵᱟᱞᱮ ᱢᱟᱦᱟ,Bale maha – Tuesday,,,Gratitude,Helping Others,Confidence,Complete a task,"Olitun proudly holds a hand-painted wooden sign, smiling warmly with confidence.","Slightly bowed head, hands held together or offering a token of appreciation, warm smile.",Olitun acknowledging and appreciating the kindness and efforts of others.
lesson_vocab_time,"Months, Days & Seasons",cat_vocab_1778594020532,17,text,ᱥᱟᱹᱜᱩᱱ ᱢᱟᱦᱟ,Sagun maha – Wednesday,,,Responsibility,Building Confidence,Responsibility,Practice communication,"Olitun points to a chalkboard showing simple diagrams, looking encouragingly toward classmates.","Focused and attentive expression, steady hands working carefully, steady stance.","Olitun taking charge of duties, caring for the environment or community."
lesson_vocab_time,"Months, Days & Seasons",cat_vocab_1778594020532,18,text,ᱥᱟᱹᱨᱫᱤ ᱢᱟᱦᱟ,Sardi maha – Thursday,,,Confidence,Learning New Things,Learning,Build confidence,"Olitun works carefully on a drawing page spread out on a wooden table, focused and happy.","Standing tall, head held high, chest slightly out, a bright and self-assured smile.","Olitun exhibiting self-reliance, readiness to learn, and pride in their capabilities."
lesson_vocab_time,"Months, Days & Seasons",cat_vocab_1778594020532,19,text,ᱡᱟᱹᱨᱩᱢ ᱢᱟᱦᱟ,Jarum maha – Friday,,,Gratitude,Helping Others,Confidence,Help someone,"Olitun stands tall in a schoolyard, holding a new notebook and smiling with pride.","Slightly bowed head, hands held together or offering a token of appreciation, warm smile.",Olitun acknowledging and appreciating the kindness and efforts of others.
lesson_vocab_trending,Trending & Popular Words,cat_vocab_1778594020532,0,text,ᱯᱟᱹᱨᱥᱤ,Parsi – Language,,,Confidence,Learning New Things,Learning,Complete a task,"Olitun proudly holds a hand-painted wooden sign, smiling warmly with confidence.","Standing tall, head held high, chest slightly out, a bright and self-assured smile.","Olitun exhibiting self-reliance, readiness to learn, and pride in their capabilities."
lesson_vocab_trending,Trending & Popular Words,cat_vocab_1778594020532,1,text,ᱥᱟᱱᱛᱟᱲᱤ,Santali – Santali,,,Gratitude,Helping Others,Confidence,Practice communication,"Olitun points to a chalkboard showing simple diagrams, looking encouragingly toward classmates.","Slightly bowed head, hands held together or offering a token of appreciation, warm smile.",Olitun acknowledging and appreciating the kindness and efforts of others.
lesson_vocab_trending,Trending & Popular Words,cat_vocab_1778594020532,2,text,ᱚᱞ ᱪᱤᱠᱤ,Ol Chiki – Ol Chiki Script,,,Responsibility,Building Confidence,Responsibility,Build confidence,"Olitun works carefully on a drawing page spread out on a wooden table, focused and happy.","Focused and attentive expression, steady hands working carefully, steady stance.","Olitun taking charge of duties, caring for the environment or community."
lesson_vocab_trending,Trending & Popular Words,cat_vocab_1778594020532,3,text,ᱯᱩᱛᱷᱤ,Puthi – Book,,,Curiosity,Learning New Things,Learning,Learn something new,"Olitun excitedly discovering knowledge inside a large, open picture book that glows slightly with colorful learning patterns.","Eyes wide with wonder, body leaning forward, pointing with an inquisitive finger.",Olitun demonstrating active observation and a love for finding out new things.
lesson_vocab_trending,Trending & Popular Words,cat_vocab_1778594020532,4,text,ᱤᱛᱩᱱ ᱟᱥᱲᱟ,Itun asra – School,,,Hope,Learning New Things,Learning,Build confidence,"Olitun standing proudly in front of a bright, clean school building, gesturing toward the entrance as a symbol of opportunity and growth.","Looking upward and forward, eyes shining bright with positive expectation, smiling gently.","Olitun expressing optimism for progress, new opportunities, and future success."
lesson_vocab_trending,Trending & Popular Words,cat_vocab_1778594020532,5,text,ᱫᱤᱥᱚᱢ,Disom – Country,,,Responsibility,Building Confidence,Responsibility,Practice communication,"Olitun points to a chalkboard showing simple diagrams, looking encouragingly toward classmates.","Focused and attentive expression, steady hands working carefully, steady stance.","Olitun taking charge of duties, caring for the environment or community."
lesson_vocab_trending,Trending & Popular Words,cat_vocab_1778594020532,6,text,ᱦᱚᱲ,Hor – People,,,Confidence,Learning New Things,Learning,Build confidence,"Olitun works carefully on a drawing page spread out on a wooden table, focused and happy.","Standing tall, head held high, chest slightly out, a bright and self-assured smile.","Olitun exhibiting self-reliance, readiness to learn, and pride in their capabilities."
lesson_vocab_trending,Trending & Popular Words,cat_vocab_1778594020532,7,text,ᱜᱩᱨᱩ ᱠᱚᱞᱚᱢ,Guru kolom – Guru's Pen / Scholar,,,Gratitude,Helping Others,Confidence,Help someone,"Olitun stands tall in a schoolyard, holding a new notebook and smiling with pride.","Slightly bowed head, hands held together or offering a token of appreciation, warm smile.",Olitun acknowledging and appreciating the kindness and efforts of others.
lesson_vocab_trending,Trending & Popular Words,cat_vocab_1778594020532,8,text,ᱞᱟᱠᱪᱟᱨ,Lakchar – Culture,,,Responsibility,Building Confidence,Responsibility,Complete a task,"Olitun proudly holds a hand-painted wooden sign, smiling warmly with confidence.","Focused and attentive expression, steady hands working carefully, steady stance.","Olitun taking charge of duties, caring for the environment or community."
lesson_vocab_trending,Trending & Popular Words,cat_vocab_1778594020532,9,text,ᱥᱮᱪᱮᱫ,Seched – Education,,,Confidence,Learning New Things,Learning,Practice communication,"Olitun points to a chalkboard showing simple diagrams, looking encouragingly toward classmates.","Standing tall, head held high, chest slightly out, a bright and self-assured smile.","Olitun exhibiting self-reliance, readiness to learn, and pride in their capabilities."
lesson_vocab_trending,Trending & Popular Words,cat_vocab_1778594020532,10,text,ᱥᱟᱶᱦᱮᱫ,Sawhet – Literature,,,Gratitude,Helping Others,Confidence,Build confidence,"Olitun works carefully on a drawing page spread out on a wooden table, focused and happy.","Slightly bowed head, hands held together or offering a token of appreciation, warm smile.",Olitun acknowledging and appreciating the kindness and efforts of others.
lesson_vocab_trending,Trending & Popular Words,cat_vocab_1778594020532,11,text,ᱥᱚᱢᱟᱡᱽ,Somaj – Society,,,Responsibility,Building Confidence,Responsibility,Help someone,"Olitun stands tall in a schoolyard, holding a new notebook and smiling with pride.","Focused and attentive expression, steady hands working carefully, steady stance.","Olitun taking charge of duties, caring for the environment or community."
lesson_vocab_trending,Trending & Popular Words,cat_vocab_1778594020532,12,text,ᱡᱩᱢᱤᱫᱽ,Jumid – Unity,,,Confidence,Learning New Things,Learning,Complete a task,"Olitun proudly holds a hand-painted wooden sign, smiling warmly with confidence.","Standing tall, head held high, chest slightly out, a bright and self-assured smile.","Olitun exhibiting self-reliance, readiness to learn, and pride in their capabilities."
lesson_vocab_trending,Trending & Popular Words,cat_vocab_1778594020532,13,text,ᱟᱹᱨᱤ ᱪᱟᱹᱞᱤ,Ari chali – Customs,,,Gratitude,Helping Others,Confidence,Practice communication,"Olitun points to a chalkboard showing simple diagrams, looking encouragingly toward classmates.","Slightly bowed head, hands held together or offering a token of appreciation, warm smile.",Olitun acknowledging and appreciating the kindness and efforts of others.
lesson_vocab_trending,Trending & Popular Words,cat_vocab_1778594020532,14,text,ᱵᱤᱪᱟᱹᱨ,Bicar – Justice / Discussion,,,Responsibility,Building Confidence,Responsibility,Build confidence,"Olitun works carefully on a drawing page spread out on a wooden table, focused and happy.","Focused and attentive expression, steady hands working carefully, steady stance.","Olitun taking charge of duties, caring for the environment or community."
lesson_vocab_trending,Trending & Popular Words,cat_vocab_1778594020532,15,text,ᱜᱟᱛᱮ ᱠᱚ,Gate ko – Friends,,,Friendship,Learning New Things,Learning,Make a new friend,"Olitun smiling warmly while pointing happily toward the learner, conveying a deep feeling of friendship and belonging.","Warm direct eye contact, relaxed shoulders, open arms in a welcoming gesture.","Olitun showing warmth, inclusion, and building a strong social bond."
lesson_vocab_trending,Trending & Popular Words,cat_vocab_1778594020532,16,text,ᱥᱟᱹᱨᱤ ᱫᱷᱚᱨᱚᱢ,Sari dhorom – Truth path / Traditional religion,,,Gratitude,Helping Others,Confidence,Complete a task,"Olitun standing tall on a hill overlooking the village, looking forward with strong resolution.","Slightly bowed head, hands held together or offering a token of appreciation, warm smile.",Olitun acknowledging and appreciating the kindness and efforts of others.
lesson_vocab_trending,Trending & Popular Words,cat_vocab_1778594020532,17,text,ᱨᱟᱹᱥᱠᱟᱹ,Raska – Joy / Happiness,,,Responsibility,Building Confidence,Responsibility,Practice communication,"Olitun points to a chalkboard showing simple diagrams, looking encouragingly toward classmates.","Focused and attentive expression, steady hands working carefully, steady stance.","Olitun taking charge of duties, caring for the environment or community."
lesson_vocab_trending,Trending & Popular Words,cat_vocab_1778594020532,18,text,ᱥᱟᱨᱦᱟᱣ ᱠᱟᱛᱷᱟ,Sarhaw katha – Words of appreciation,,,Confidence,Learning New Things,Learning,Build confidence,"Olitun works carefully on a drawing page spread out on a wooden table, focused and happy.","Standing tall, head held high, chest slightly out, a bright and self-assured smile.","Olitun exhibiting self-reliance, readiness to learn, and pride in their capabilities."
lesson_vocab_trending,Trending & Popular Words,cat_vocab_1778594020532,19,text,ᱡᱟᱦᱮᱨ ᱛᱷᱟᱱ,Jaher than – Sacred grove,,,Gratitude,Helping Others,Confidence,Help someone,"Olitun holds a ripe, bright red pomegranate, showing its rich color with a proud and happy smile.","Slightly bowed head, hands held together or offering a token of appreciation, warm smile.",Olitun acknowledging and appreciating the kindness and efforts of others.
lesson_vocab_idioms_beginner,Simple Idioms & Daily Life,cat_vocab_1778594020532,0,text,ᱦᱚᱲ ᱦᱚᱯᱚᱱ,Hor hopon – Santal people,,,Curiosity,Making New Friend,Communication,Make a new friend,"Olitun walks along a winding path in the beautiful green village, pointing with curiosity toward the horizon.","Eyes wide with wonder, body leaning forward, pointing with an inquisitive finger.",Olitun demonstrating active observation and a love for finding out new things.
lesson_vocab_idioms_beginner,Simple Idioms & Daily Life,cat_vocab_1778594020532,1,text,ᱥᱟᱹᱨᱤ ᱠᱟᱛᱷᱟ,Sari katha – Truth / True words,,,Friendship,Exploring Village,Confidence,Learn something new,"Olitun standing tall on a hill overlooking the village, looking forward with strong resolution.","Warm direct eye contact, relaxed shoulders, open arms in a welcoming gesture.","Olitun showing warmth, inclusion, and building a strong social bond."
lesson_vocab_idioms_beginner,Simple Idioms & Daily Life,cat_vocab_1778594020532,2,text,ᱥᱤᱵᱤᱞ ᱨᱚᱲ,Sibil ror – Gentle speech / Kind words,,,Kindness,Exploring Nature,Learning,Explore nature,"Olitun stands beside a traditional home, pointing happily at a colorful detail on the hand-painted wall.","Gentle smile, soft eyes, hands offering help or gesturing politely with care.","Olitun putting empathy into action, helping classmates or respecting elders."
lesson_vocab_idioms_beginner,Simple Idioms & Daily Life,cat_vocab_1778594020532,3,text,ᱠᱟᱹᱢᱤ ᱜᱮ ᱫᱷᱚᱨᱚᱢ,Kami ge dhorom – Work is worship,,,Confidence,Making New Friend,Communication,Complete a task,"Olitun carefully carrying out a task, like neatly filing books or designing a wooden model, demonstrating capability and responsibility.","Standing tall, head held high, chest slightly out, a bright and self-assured smile.","Olitun exhibiting self-reliance, readiness to learn, and pride in their capabilities."
lesson_vocab_idioms_beginner,Simple Idioms & Daily Life,cat_vocab_1778594020532,4,text,ᱫᱤᱥᱚᱢ ᱫᱩᱞᱟᱹᱲ,Disom dular – Patriotism / Country love,,,Friendship,Exploring Village,Confidence,Learn something new,"Olitun walks along a winding path in the beautiful green village, pointing with curiosity toward the horizon.","Warm direct eye contact, relaxed shoulders, open arms in a welcoming gesture.","Olitun showing warmth, inclusion, and building a strong social bond."
lesson_vocab_idioms_beginner,Simple Idioms & Daily Life,cat_vocab_1778594020532,5,text,ᱥᱟᱹᱜᱩᱱ ᱫᱟᱨᱟᱢ,Sagun daram – Warm welcome,,,Friendship,Making New Friend,Communication,Make a new friend,"Olitun sits peacefully under a large shady tree, looking out over the village with a happy smile.","Warm direct eye contact, relaxed shoulders, open arms in a welcoming gesture.","Olitun showing warmth, inclusion, and building a strong social bond."
lesson_vocab_idioms_beginner,Simple Idioms & Daily Life,cat_vocab_1778594020532,6,text,ᱫᱷᱤᱨᱤ,Dhiri – Stone,,,Curiosity,Making New Friend,Communication,Make a new friend,"Olitun stands beside a traditional home, pointing happily at a colorful detail on the hand-painted wall.","Eyes wide with wonder, body leaning forward, pointing with an inquisitive finger.",Olitun demonstrating active observation and a love for finding out new things.
lesson_vocab_idioms_beginner,Simple Idioms & Daily Life,cat_vocab_1778594020532,7,text,ᱜᱤᱛᱤᱞ,Gitil – Sand,,,Friendship,Exploring Village,Confidence,Learn something new,"Olitun kneels in a patch of wild flowers, looking at the colorful petals with curiosity.","Warm direct eye contact, relaxed shoulders, open arms in a welcoming gesture.","Olitun showing warmth, inclusion, and building a strong social bond."
lesson_vocab_idioms_beginner,Simple Idioms & Daily Life,cat_vocab_1778594020532,8,text,ᱥᱮᱸᱜᱮᱞ,Sengel – Fire,,,Kindness,Exploring Nature,Learning,Explore nature,"Olitun looking at a crackling orange campfire, warm light reflecting on a happy, peaceful face.","Gentle smile, soft eyes, hands offering help or gesturing politely with care.","Olitun putting empathy into action, helping classmates or respecting elders."
lesson_vocab_idioms_beginner,Simple Idioms & Daily Life,cat_vocab_1778594020532,9,text,ᱦᱚᱭ,Hoy – Air / Wind,,,Curiosity,Making New Friend,Communication,Make a new friend,"Olitun sits peacefully under a large shady tree, looking out over the village with a happy smile.","Eyes wide with wonder, body leaning forward, pointing with an inquisitive finger.",Olitun demonstrating active observation and a love for finding out new things.
lesson_vocab_idioms_beginner,Simple Idioms & Daily Life,cat_vocab_1778594020532,10,text,ᱨᱤᱢᱤᱞ,Rimil – Cloud,,,Friendship,Exploring Village,Confidence,Learn something new,"Olitun stands beside a traditional home, pointing happily at a colorful detail on the hand-painted wall.","Warm direct eye contact, relaxed shoulders, open arms in a welcoming gesture.","Olitun showing warmth, inclusion, and building a strong social bond."
lesson_vocab_idioms_beginner,Simple Idioms & Daily Life,cat_vocab_1778594020532,11,text,ᱤᱯᱤᱞ,Ipil – Star,,,Curiosity,Exploring Nature,Learning,Explore nature,"Olitun lying on a straw mat under a clear night sky, pointing at a shooting star in wonder.","Eyes wide with wonder, body leaning forward, pointing with an inquisitive finger.",Olitun demonstrating active observation and a love for finding out new things.
lesson_vocab_idioms_beginner,Simple Idioms & Daily Life,cat_vocab_1778594020532,12,text,ᱧᱤᱫᱟᱹ,Njida – Night,,,Curiosity,Making New Friend,Communication,Make a new friend,"Olitun walks along a winding path in the beautiful green village, pointing with curiosity toward the horizon.","Eyes wide with wonder, body leaning forward, pointing with an inquisitive finger.",Olitun demonstrating active observation and a love for finding out new things.
lesson_vocab_idioms_beginner,Simple Idioms & Daily Life,cat_vocab_1778594020532,13,text,ᱥᱤᱸᱜᱮ ᱢᱟᱦᱟ,Singe maha – Sunday,,,Friendship,Exploring Village,Confidence,Learn something new,"Olitun looking up at the warm morning sun rising over the hills, eyes filled with hope.","Warm direct eye contact, relaxed shoulders, open arms in a welcoming gesture.","Olitun showing warmth, inclusion, and building a strong social bond."
lesson_vocab_idioms_beginner,Simple Idioms & Daily Life,cat_vocab_1778594020532,14,text,ᱚᱛ,Ot – Earth / Ground,,,Kindness,Exploring Nature,Learning,Explore nature,"Olitun holding a handful of rich, dark soil, ready to plant seeds, looking hopeful and proud.","Gentle smile, soft eyes, hands offering help or gesturing politely with care.","Olitun putting empathy into action, helping classmates or respecting elders."
lesson_vocab_idioms_beginner,Simple Idioms & Daily Life,cat_vocab_1778594020532,15,text,ᱥᱮᱨᱢᱟ,Serma – Sky / Year,,,Curiosity,Making New Friend,Communication,Make a new friend,"Olitun kneels in a patch of wild flowers, looking at the colorful petals with curiosity.","Eyes wide with wonder, body leaning forward, pointing with an inquisitive finger.",Olitun demonstrating active observation and a love for finding out new things.
lesson_vocab_idioms_beginner,Simple Idioms & Daily Life,cat_vocab_1778594020532,16,text,ᱵᱤᱨ,Bir – Forest,,,Friendship,Exploring Village,Confidence,Learn something new,"Olitun planting a young green seedling in rich soil, showing care and responsibility for nature.","Warm direct eye contact, relaxed shoulders, open arms in a welcoming gesture.","Olitun showing warmth, inclusion, and building a strong social bond."
lesson_vocab_idioms_beginner,Simple Idioms & Daily Life,cat_vocab_1778594020532,17,text,ᱵᱩᱨᱩ,Buru – Mountain / Hill,,,Kindness,Exploring Nature,Learning,Explore nature,"Olitun sits peacefully under a large shady tree, looking out over the village with a happy smile.","Gentle smile, soft eyes, hands offering help or gesturing politely with care.","Olitun putting empathy into action, helping classmates or respecting elders."
lesson_vocab_idioms_beginner,Simple Idioms & Daily Life,cat_vocab_1778594020532,18,text,ᱜᱟᱰᱟ,Gada – River,,,Curiosity,Exploring Nature,Learning,Explore nature,"Olitun discovering a clear, flowing spring in the forest, pointing at the clean water.","Eyes wide with wonder, body leaning forward, pointing with an inquisitive finger.",Olitun demonstrating active observation and a love for finding out new things.
lesson_vocab_idioms_beginner,Simple Idioms & Daily Life,cat_vocab_1778594020532,19,text,ᱡᱷᱟᱨᱱᱟ,Jharna – Spring / Waterfall,,,Curiosity,Exploring Nature,Learning,Explore nature,"Olitun drinking cool, clean water from a traditional clay pot, looking refreshed and happy.","Eyes wide with wonder, body leaning forward, pointing with an inquisitive finger.",Olitun demonstrating active observation and a love for finding out new things.
lesson_vocab_idioms_beginner,Simple Idioms & Daily Life,cat_vocab_1778594020532,20,text,ᱥᱟᱦᱟᱱ,Sahan – Firewood,,,Kindness,Exploring Nature,Learning,Explore nature,"Olitun looking at a crackling orange campfire, warm light reflecting on a happy, peaceful face.","Gentle smile, soft eyes, hands offering help or gesturing politely with care.","Olitun putting empathy into action, helping classmates or respecting elders."
lesson_vocab_idioms_intermediate,Folk Proverbs & Expressions,cat_vocab_1778594020532,0,text,ᱢᱮᱫ ᱞᱩᱴᱩᱨ ᱵᱮᱸᱜᱮᱫ,Med lutur benget – Keeping eyes and ears open / Vigilant,,,Confidence,Learning New Things,Learning,Complete a task,"Olitun proudly holds a hand-painted wooden sign, smiling warmly with confidence.","Standing tall, head held high, chest slightly out, a bright and self-assured smile.","Olitun exhibiting self-reliance, readiness to learn, and pride in their capabilities."
lesson_vocab_idioms_intermediate,Folk Proverbs & Expressions,cat_vocab_1778594020532,1,text,ᱢᱚᱱᱮ ᱞᱟᱰᱮ,Mone lade – Discouraged / Dejected,,,Gratitude,Helping Others,Confidence,Practice communication,"Olitun points to a chalkboard showing simple diagrams, looking encouragingly toward classmates.","Slightly bowed head, hands held together or offering a token of appreciation, warm smile.",Olitun acknowledging and appreciating the kindness and efforts of others.
lesson_vocab_idioms_intermediate,Folk Proverbs & Expressions,cat_vocab_1778594020532,2,text,ᱡᱤᱣᱤ ᱡᱟᱞᱟ,Jiwi jala – Life struggles,,,Responsibility,Building Confidence,Responsibility,Build confidence,"Olitun works carefully on a drawing page spread out on a wooden table, focused and happy.","Focused and attentive expression, steady hands working carefully, steady stance.","Olitun taking charge of duties, caring for the environment or community."
lesson_vocab_idioms_intermediate,Folk Proverbs & Expressions,cat_vocab_1778594020532,3,text,ᱫᱟᱨᱮ ᱩᱢᱩᱞ ᱦᱚᱲ ᱩᱢᱩᱞ,Dare umul hor umul – Protection of elders / Family shelter,,,Confidence,Learning New Things,Learning,Help someone,"Olitun standing proudly with a family member in front of a neat, decorated village home.","Standing tall, head held high, chest slightly out, a bright and self-assured smile.","Olitun exhibiting self-reliance, readiness to learn, and pride in their capabilities."
lesson_vocab_idioms_intermediate,Folk Proverbs & Expressions,cat_vocab_1778594020532,4,text,ᱥᱮᱛᱟ ᱡᱷᱟᱹᱞᱤ ᱞᱮᱠᱟ,Seta jhale leka – Entangled in trouble / Trapped,,,Gratitude,Helping Others,Confidence,Complete a task,"Olitun proudly holds a hand-painted wooden sign, smiling warmly with confidence.","Slightly bowed head, hands held together or offering a token of appreciation, warm smile.",Olitun acknowledging and appreciating the kindness and efforts of others.
lesson_vocab_idioms_intermediate,Folk Proverbs & Expressions,cat_vocab_1778594020532,5,text,ᱢᱟᱹᱱᱢᱤ ᱡᱤᱣᱤ,Manmi jiwi – Human life,,,Responsibility,Building Confidence,Responsibility,Practice communication,"Olitun points to a chalkboard showing simple diagrams, looking encouragingly toward classmates.","Focused and attentive expression, steady hands working carefully, steady stance.","Olitun taking charge of duties, caring for the environment or community."
lesson_vocab_idioms_intermediate,Folk Proverbs & Expressions,cat_vocab_1778594020532,6,text,ᱢᱟᱹᱱ ᱥᱟᱨᱦᱟᱣ,Man sarhaw – Respect and praise,,,Confidence,Learning New Things,Learning,Build confidence,"Olitun works carefully on a drawing page spread out on a wooden table, focused and happy.","Standing tall, head held high, chest slightly out, a bright and self-assured smile.","Olitun exhibiting self-reliance, readiness to learn, and pride in their capabilities."
lesson_vocab_idioms_intermediate,Folk Proverbs & Expressions,cat_vocab_1778594020532,7,text,ᱞᱟᱜᱽᱬᱮ,Lagne – Traditional Santal dance,,,Gratitude,Helping Others,Confidence,Help someone,"Olitun performing a graceful, traditional dance movement, arms extended with elegance and joy.","Slightly bowed head, hands held together or offering a token of appreciation, warm smile.",Olitun acknowledging and appreciating the kindness and efforts of others.
lesson_vocab_idioms_intermediate,Folk Proverbs & Expressions,cat_vocab_1778594020532,8,text,ᱫᱚᱝ,Dong – Marriage dance and song genre,,,Responsibility,Building Confidence,Responsibility,Complete a task,"Olitun performing a graceful, traditional dance movement, arms extended with elegance and joy.","Focused and attentive expression, steady hands working carefully, steady stance.","Olitun taking charge of duties, caring for the environment or community."
lesson_vocab_idioms_intermediate,Folk Proverbs & Expressions,cat_vocab_1778594020532,9,text,ᱛᱩᱢᱫᱟᱜ,Tumdag – Clay drum / Madal,,,Confidence,Learning New Things,Learning,Practice communication,"Olitun holding a handful of rich, dark soil, ready to plant seeds, looking hopeful and proud.","Standing tall, head held high, chest slightly out, a bright and self-assured smile.","Olitun exhibiting self-reliance, readiness to learn, and pride in their capabilities."
lesson_vocab_idioms_intermediate,Folk Proverbs & Expressions,cat_vocab_1778594020532,10,text,ᱴᱟᱢᱟᱠ,Tamak – Kettle drum,,,Gratitude,Helping Others,Confidence,Build confidence,"Olitun playing a traditional hand-drum (tumdak) with an energetic, rhythmic posture and a wide smile.","Slightly bowed head, hands held together or offering a token of appreciation, warm smile.",Olitun acknowledging and appreciating the kindness and efforts of others.
lesson_vocab_idioms_intermediate,Folk Proverbs & Expressions,cat_vocab_1778594020532,11,text,ᱵᱟᱱᱟᱢ,Banam – Traditional single-stringed fiddle,,,Responsibility,Building Confidence,Responsibility,Help someone,"Olitun playing a traditional hand-drum (tumdak) with an energetic, rhythmic posture and a wide smile.","Focused and attentive expression, steady hands working carefully, steady stance.","Olitun taking charge of duties, caring for the environment or community."
lesson_vocab_idioms_intermediate,Folk Proverbs & Expressions,cat_vocab_1778594020532,12,text,ᱛᱤᱨᱭᱳ,Tiryo – Bamboo flute,,,Confidence,Learning New Things,Learning,Complete a task,"Olitun proudly holds a hand-painted wooden sign, smiling warmly with confidence.","Standing tall, head held high, chest slightly out, a bright and self-assured smile.","Olitun exhibiting self-reliance, readiness to learn, and pride in their capabilities."
lesson_vocab_idioms_intermediate,Folk Proverbs & Expressions,cat_vocab_1778594020532,13,text,ᱥᱟᱨᱡᱚᱢ,Sarjom – Sal tree (sacred to Santals),,,Gratitude,Helping Others,Confidence,Practice communication,"Olitun holds a ripe, bright red pomegranate, showing its rich color with a proud and happy smile.","Slightly bowed head, hands held together or offering a token of appreciation, warm smile.",Olitun acknowledging and appreciating the kindness and efforts of others.
lesson_vocab_idioms_intermediate,Folk Proverbs & Expressions,cat_vocab_1778594020532,14,text,ᱢᱟᱹᱛᱠᱟᱹᱢ,Matkam – Mahua flower/fruit,,,Responsibility,Building Confidence,Responsibility,Build confidence,"Olitun holding a vibrant wild flower, smelling its scent with a happy, relaxed expression.","Focused and attentive expression, steady hands working carefully, steady stance.","Olitun taking charge of duties, caring for the environment or community."
lesson_vocab_idioms_intermediate,Folk Proverbs & Expressions,cat_vocab_1778594020532,15,text,ᱡᱚᱦᱟᱨ ᱠᱟᱛᱷᱟ,Johar katha – Welcoming words,,,Confidence,Learning New Things,Learning,Help someone,"Olitun stands tall in a schoolyard, holding a new notebook and smiling with pride.","Standing tall, head held high, chest slightly out, a bright and self-assured smile.","Olitun exhibiting self-reliance, readiness to learn, and pride in their capabilities."
lesson_vocab_idioms_intermediate,Folk Proverbs & Expressions,cat_vocab_1778594020532,16,text,ᱠᱩᱞᱦᱤ,Kulhi – Village street,,,Gratitude,Helping Others,Confidence,Complete a task,"Olitun planting a young green seedling in rich soil, showing care and responsibility for nature.","Slightly bowed head, hands held together or offering a token of appreciation, warm smile.",Olitun acknowledging and appreciating the kindness and efforts of others.
lesson_vocab_idioms_intermediate,Folk Proverbs & Expressions,cat_vocab_1778594020532,17,text,ᱡᱟᱦᱮᱨ ᱛᱷᱟᱱ,Jaher than – Sacred grove,,,Responsibility,Building Confidence,Responsibility,Practice communication,"Olitun holds a ripe, bright red pomegranate, showing its rich color with a proud and happy smile.","Focused and attentive expression, steady hands working carefully, steady stance.","Olitun taking charge of duties, caring for the environment or community."
lesson_vocab_idioms_intermediate,Folk Proverbs & Expressions,cat_vocab_1778594020532,18,text,ᱢᱟᱹᱧᱡᱷᱤ ᱛᱷᱟᱱ,Manjhi than – Village headman's altar,,,Confidence,Learning New Things,Learning,Build confidence,"Olitun works carefully on a drawing page spread out on a wooden table, focused and happy.","Standing tall, head held high, chest slightly out, a bright and self-assured smile.","Olitun exhibiting self-reliance, readiness to learn, and pride in their capabilities."
lesson_vocab_idioms_intermediate,Folk Proverbs & Expressions,cat_vocab_1778594020532,19,text,ᱟᱹᱛᱩ ᱦᱚᱲ,Atu hor – Villagers,,,Gratitude,Helping Others,Confidence,Help someone,"Olitun stands tall in a schoolyard, holding a new notebook and smiling with pride.","Slightly bowed head, hands held together or offering a token of appreciation, warm smile.",Olitun acknowledging and appreciating the kindness and efforts of others.
lesson_vocab_idioms_intermediate,Folk Proverbs & Expressions,cat_vocab_1778594020532,20,text,ᱦᱟᱲᱟᱢ ᱵᱩᱰᱷᱤ,Haram budhi – Ancestors / Old couple,,,Responsibility,Building Confidence,Responsibility,Complete a task,"Olitun proudly holds a hand-painted wooden sign, smiling warmly with confidence.","Focused and attentive expression, steady hands working carefully, steady stance.","Olitun taking charge of duties, caring for the environment or community."
lesson_vocab_idioms_intermediate,Folk Proverbs & Expressions,cat_vocab_1778594020532,21,text,ᱫᱟᱠᱟ ᱩᱛᱩ,Daka utu – Rice and curry / Meal,,,Confidence,Learning New Things,Learning,Practice communication,"Olitun points to a chalkboard showing simple diagrams, looking encouragingly toward classmates.","Standing tall, head held high, chest slightly out, a bright and self-assured smile.","Olitun exhibiting self-reliance, readiness to learn, and pride in their capabilities."
lesson_vocab_idioms_advanced,Deep Wisdom & Philosophy,cat_vocab_1778594020532,0,text,ᱞᱩᱴᱤ ᱪᱩᱭᱞᱩ,Luti chuylu – Sulking / Pouting in anger,,,Pride,Working Together,Leadership,Solve a problem,"Olitun stands with hands on hips, looking out over the village from a scenic hill, representing leadership.","Standing proud and tall, head high, shoulders back, holding cultural artifacts or projects.","Olitun celebrating cultural identity, heritage, and personal achievements."
lesson_vocab_idioms_advanced,Deep Wisdom & Philosophy,cat_vocab_1778594020532,1,text,ᱢᱩ ᱛᱮ ᱦᱚᱭ ᱚᱰᱚᱠ,Mu te hoy odok – Snorting in rage / Proud,,,Achievement,Exploring Nature,Creativity,Teach others,"Olitun gestures toward a village map drawn on a board, explaining a plan to classmates with confidence.","Cheerful smile, hands raised in a small celebration or showing a finished project.","Olitun enjoying the reward of dedication, effort, and hard work."
lesson_vocab_idioms_advanced,Deep Wisdom & Philosophy,cat_vocab_1778594020532,2,text,ᱫᱟᱜ ᱨᱮ ᱡᱷᱟᱹᱞᱤ ᱵᱟᱹᱭᱥᱟᱹᱣ,Dag re jhale baysaw – Chasing shadows / Setting net in water,,,Gratitude,Dreaming Big,Problem Solving,Create something useful,"Olitun drinking cool, clean water from a traditional clay pot, looking refreshed and happy.","Slightly bowed head, hands held together or offering a token of appreciation, warm smile.",Olitun acknowledging and appreciating the kindness and efforts of others.
lesson_vocab_idioms_advanced,Deep Wisdom & Philosophy,cat_vocab_1778594020532,3,text,ᱫᱟᱨᱮ ᱜᱮ ᱡᱤᱣᱤ,Dare ge jiwi – Trees are life / Environmental wisdom,,,Pride,Dreaming Big,Leadership,Teach others,"Olitun planting a young green seedling in rich soil, showing care and responsibility for nature.","Standing proud and tall, head high, shoulders back, holding cultural artifacts or projects.","Olitun celebrating cultural identity, heritage, and personal achievements."
lesson_vocab_idioms_advanced,Deep Wisdom & Philosophy,cat_vocab_1778594020532,4,text,ᱜᱚᱡ ᱦᱚᱲ ᱫᱚ ᱵᱟᱹᱠᱩ ᱨᱚᱲᱟ,Goj hor do baku rora – Dead people do not speak / Let bygones be bygones,,,Achievement,Exploring Nature,Creativity,Teach others,"Olitun stands with hands on hips, looking out over the village from a scenic hill, representing leadership.","Cheerful smile, hands raised in a small celebration or showing a finished project.","Olitun enjoying the reward of dedication, effort, and hard work."
lesson_vocab_idioms_advanced,Deep Wisdom & Philosophy,cat_vocab_1778594020532,5,text,ᱟᱹᱛᱩ ᱦᱚᱲ ᱜᱮ ᱫᱤᱥᱚᱢ ᱦᱚᱲ,Atu hor ge disom hor – Village community is the country's strength,,,Gratitude,Dreaming Big,Problem Solving,Create something useful,"Olitun gestures toward a village map drawn on a board, explaining a plan to classmates with confidence.","Slightly bowed head, hands held together or offering a token of appreciation, warm smile.",Olitun acknowledging and appreciating the kindness and efforts of others.
lesson_vocab_idioms_advanced,Deep Wisdom & Philosophy,cat_vocab_1778594020532,6,text,ᱢᱮᱫ ᱠᱷᱚᱱ ᱫᱟᱜ ᱡᱚᱨᱚ,Med khon dag joro – Weeping bitterly / Deep grief,,,Pride,Working Together,Leadership,Solve a problem,"Olitun sits in a circle with friends around a small fire, gesturing warmly while sharing a traditional story.","Standing proud and tall, head high, shoulders back, holding cultural artifacts or projects.","Olitun celebrating cultural identity, heritage, and personal achievements."
lesson_vocab_idioms_advanced,Deep Wisdom & Philosophy,cat_vocab_1778594020532,7,text,ᱢᱚᱱᱮ ᱵᱟᱹᱲᱤᱡ,Mone barij – Feel sad / Heart-broken,,,Achievement,Exploring Nature,Creativity,Teach others,"Olitun stands proudly at a crossroads in the village, pointing toward a path of opportunity.","Cheerful smile, hands raised in a small celebration or showing a finished project.","Olitun enjoying the reward of dedication, effort, and hard work."
lesson_vocab_idioms_advanced,Deep Wisdom & Philosophy,cat_vocab_1778594020532,8,text,ᱫᱩᱞᱟᱹᱲ ᱠᱟᱛᱷᱟ,Dular katha – Loving words / Kind speech,,,Gratitude,Dreaming Big,Problem Solving,Create something useful,"Olitun stands with hands on hips, looking out over the village from a scenic hill, representing leadership.","Slightly bowed head, hands held together or offering a token of appreciation, warm smile.",Olitun acknowledging and appreciating the kindness and efforts of others.
lesson_vocab_idioms_advanced,Deep Wisdom & Philosophy,cat_vocab_1778594020532,9,text,ᱡᱤᱣᱤ ᱫᱷᱚᱱ,Jiwi dhon – Wealth of life / Beloved,,,Pride,Working Together,Leadership,Solve a problem,"Olitun gestures toward a village map drawn on a board, explaining a plan to classmates with confidence.","Standing proud and tall, head high, shoulders back, holding cultural artifacts or projects.","Olitun celebrating cultural identity, heritage, and personal achievements."
lesson_vocab_idioms_advanced,Deep Wisdom & Philosophy,cat_vocab_1778594020532,10,text,ᱫᱤᱥᱚᱢ ᱫᱟᱨᱟᱱ,Disom daran – Traveling / Exploring the land,,,Achievement,Exploring Nature,Creativity,Teach others,"Olitun sits in a circle with friends around a small fire, gesturing warmly while sharing a traditional story.","Cheerful smile, hands raised in a small celebration or showing a finished project.","Olitun enjoying the reward of dedication, effort, and hard work."
lesson_vocab_idioms_advanced,Deep Wisdom & Philosophy,cat_vocab_1778594020532,11,text,ᱫᱷᱚᱨᱚᱢ ᱠᱟᱹᱢᱤ,Dhorom kami – Righteous deed / Virtuous work,,,Confidence,Dreaming Big,Leadership,Complete a task,"Olitun carefully carrying out a task, like neatly filing books or designing a wooden model, demonstrating capability and responsibility.","Standing tall, head held high, chest slightly out, a bright and self-assured smile.","Olitun exhibiting self-reliance, readiness to learn, and pride in their capabilities."
lesson_vocab_idioms_advanced,Deep Wisdom & Philosophy,cat_vocab_1778594020532,12,text,ᱥᱚᱦᱨᱟᱭ ᱯᱚᱨᱚᱵ,Sohrae porob – Harvest festival / Sohrae,,,Pride,Working Together,Leadership,Solve a problem,"Olitun stands with hands on hips, looking out over the village from a scenic hill, representing leadership.","Standing proud and tall, head high, shoulders back, holding cultural artifacts or projects.","Olitun celebrating cultural identity, heritage, and personal achievements."
lesson_vocab_idioms_advanced,Deep Wisdom & Philosophy,cat_vocab_1778594020532,13,text,ᱵᱟᱦᱟ ᱯᱚᱨᱚᱵ,Baha porob – Spring festival / Flower festival,,,Achievement,Exploring Nature,Creativity,Teach others,"Olitun holding a vibrant wild flower, smelling its scent with a happy, relaxed expression.","Cheerful smile, hands raised in a small celebration or showing a finished project.","Olitun enjoying the reward of dedication, effort, and hard work."
lesson_vocab_idioms_advanced,Deep Wisdom & Philosophy,cat_vocab_1778594020532,14,text,ᱥᱟᱱᱛᱟᱲᱤ ᱥᱟᱶᱦᱮᱫ,Santali sawhet – Santali literature,,,Gratitude,Dreaming Big,Problem Solving,Create something useful,"Olitun sits in a circle with friends around a small fire, gesturing warmly while sharing a traditional story.","Slightly bowed head, hands held together or offering a token of appreciation, warm smile.",Olitun acknowledging and appreciating the kindness and efforts of others.
lesson_vocab_idioms_advanced,Deep Wisdom & Philosophy,cat_vocab_1778594020532,15,text,ᱜᱩᱨᱩ ᱠᱚᱞᱚᱢ,Guru kolom – The pen of the Guru / Education,,,Pride,Working Together,Leadership,Solve a problem,"Olitun stands proudly at a crossroads in the village, pointing toward a path of opportunity.","Standing proud and tall, head high, shoulders back, holding cultural artifacts or projects.","Olitun celebrating cultural identity, heritage, and personal achievements."
lesson_vocab_idioms_advanced,Deep Wisdom & Philosophy,cat_vocab_1778594020532,16,text,ᱚᱞᱚᱜ ᱯᱟᱲᱦᱟᱣ,Olog parhaw – Education / Learning,,,Achievement,Exploring Nature,Creativity,Teach others,"Olitun stands with hands on hips, looking out over the village from a scenic hill, representing leadership.","Cheerful smile, hands raised in a small celebration or showing a finished project.","Olitun enjoying the reward of dedication, effort, and hard work."
lesson_vocab_idioms_advanced,Deep Wisdom & Philosophy,cat_vocab_1778594020532,17,text,ᱜᱮᱭᱟᱱ ᱦᱚᱨ,Geyan hor – Path of knowledge,,,Gratitude,Dreaming Big,Problem Solving,Create something useful,"Olitun gestures toward a village map drawn on a board, explaining a plan to classmates with confidence.","Slightly bowed head, hands held together or offering a token of appreciation, warm smile.",Olitun acknowledging and appreciating the kindness and efforts of others.
lesson_vocab_idioms_advanced,Deep Wisdom & Philosophy,cat_vocab_1778594020532,18,text,ᱞᱟᱠᱪᱟᱨ,Lakchar – Culture,,,Pride,Working Together,Leadership,Solve a problem,"Olitun sits in a circle with friends around a small fire, gesturing warmly while sharing a traditional story.","Standing proud and tall, head high, shoulders back, holding cultural artifacts or projects.","Olitun celebrating cultural identity, heritage, and personal achievements."
lesson_vocab_idioms_advanced,Deep Wisdom & Philosophy,cat_vocab_1778594020532,19,text,ᱟᱹᱨᱤ ᱪᱟᱹᱞᱤ,Ari chali – Customs and traditions,,,Achievement,Exploring Nature,Creativity,Teach others,"Olitun stands proudly at a crossroads in the village, pointing toward a path of opportunity.","Cheerful smile, hands raised in a small celebration or showing a finished project.","Olitun enjoying the reward of dedication, effort, and hard work."
lesson_vocab_idioms_advanced,Deep Wisdom & Philosophy,cat_vocab_1778594020532,20,text,ᱦᱮᱲᱮᱢ ᱨᱚᱲ,Herem ror – Sweet words / Fluent speech,,,Gratitude,Dreaming Big,Problem Solving,Create something useful,"Olitun stands with hands on hips, looking out over the village from a scenic hill, representing leadership.","Slightly bowed head, hands held together or offering a token of appreciation, warm smile.",Olitun acknowledging and appreciating the kindness and efforts of others.
lesson_vocab_idioms_advanced,Deep Wisdom & Philosophy,cat_vocab_1778594020532,21,text,ᱥᱤᱨᱡᱚᱱᱤᱭᱟᱹ,Sirjoniya – Creator / Nature,,,Pride,Working Together,Leadership,Solve a problem,"Olitun gestures toward a village map drawn on a board, explaining a plan to classmates with confidence.","Standing proud and tall, head high, shoulders back, holding cultural artifacts or projects.","Olitun celebrating cultural identity, heritage, and personal achievements."
lesson_vocab_conversational_1,Modern Conversational Idioms,cat_vocab_1778594020532,0,text,ᱢᱚᱱᱮ ᱠᱷᱮᱞ,Mone khel – Mind game / Flirting,,,Hope,Modern World,Technology,Create something useful,"Olitun laughing and running while balancing a spinning toy disk on a stick, feeling joyful.","Looking upward and forward, eyes shining bright with positive expectation, smiling gently.","Olitun expressing optimism for progress, new opportunities, and future success."
lesson_vocab_conversational_1,Modern Conversational Idioms,cat_vocab_1778594020532,1,text,ᱨᱚᱲ ᱛᱮ ᱞᱟᱸᱫᱟ,Ror te landa – Smiling through words / Sarcasm,,,Ambition,Technology & Learning,Entrepreneurship,Learn something new,"Olitun stands in a clean, modern learning space, gesturing toward a screen showing village success metrics.","Determined forward-looking gaze, confident stance, finger pointing toward the distant horizon.","Olitun aiming high, showing aspiration for modern education and career path."
lesson_vocab_conversational_1,Modern Conversational Idioms,cat_vocab_1778594020532,2,text,ᱫᱩᱞᱟᱹᱲ ᱡᱟᱹᱞᱤ,Dular jhale – Love trap,,,Pride,Future Success,Leadership,Build confidence,"Olitun stands under the bright sun, showcasing a creative blueprint of a village development project with pride.","Standing proud and tall, head high, shoulders back, holding cultural artifacts or projects.","Olitun celebrating cultural identity, heritage, and personal achievements."
lesson_vocab_conversational_1,Modern Conversational Idioms,cat_vocab_1778594020532,3,text,ᱦᱚᱲ ᱥᱟᱢᱟᱝ,Hor samang – Public / In front of people,,,Hope,Modern World,Technology,Create something useful,"Olitun works together with classmates around a table filled with building blocks and tablets, smiling with ambition.","Looking upward and forward, eyes shining bright with positive expectation, smiling gently.","Olitun expressing optimism for progress, new opportunities, and future success."
lesson_vocab_conversational_1,Modern Conversational Idioms,cat_vocab_1778594020532,4,text,ᱞᱩᱴᱤ ᱞᱟᱲᱟᱣ,Luti laraw – Chatting / Gossip,,,Ambition,Technology & Learning,Entrepreneurship,Learn something new,"Olitun stands beside a modern work table with drafting papers and a digital tablet, pointing forward with hope.","Determined forward-looking gaze, confident stance, finger pointing toward the distant horizon.","Olitun aiming high, showing aspiration for modern education and career path."
lesson_vocab_conversational_1,Modern Conversational Idioms,cat_vocab_1778594020532,5,text,ᱠᱟᱛᱷᱟ ᱠᱤᱨᱤᱧ,Katha kirinj – Buying words / Accepting advice,,,Pride,Future Success,Leadership,Build confidence,"Olitun stands in a clean, modern learning space, gesturing toward a screen showing village success metrics.","Standing proud and tall, head high, shoulders back, holding cultural artifacts or projects.","Olitun celebrating cultural identity, heritage, and personal achievements."
lesson_vocab_conversational_1,Modern Conversational Idioms,cat_vocab_1778594020532,6,text,ᱡᱤᱣᱤ ᱞᱚ,Jiwi lo – Heartburn / Jealousy,,,Hope,Modern World,Technology,Create something useful,"Olitun stands under the bright sun, showcasing a creative blueprint of a village development project with pride.","Looking upward and forward, eyes shining bright with positive expectation, smiling gently.","Olitun expressing optimism for progress, new opportunities, and future success."
lesson_vocab_conversational_1,Modern Conversational Idioms,cat_vocab_1778594020532,7,text,ᱢᱚᱱᱮ ᱚᱞ,Mone ol – Writing on heart / Deeply remembering,,,Ambition,Technology & Learning,Entrepreneurship,Learn something new,"Olitun works together with classmates around a table filled with building blocks and tablets, smiling with ambition.","Determined forward-looking gaze, confident stance, finger pointing toward the distant horizon.","Olitun aiming high, showing aspiration for modern education and career path."
lesson_vocab_conversational_1,Modern Conversational Idioms,cat_vocab_1778594020532,8,text,ᱢᱮᱫ ᱫᱟᱜ,Med dag – Tears,,,Pride,Future Success,Leadership,Build confidence,"Olitun stands beside a modern work table with drafting papers and a digital tablet, pointing forward with hope.","Standing proud and tall, head high, shoulders back, holding cultural artifacts or projects.","Olitun celebrating cultural identity, heritage, and personal achievements."
lesson_vocab_conversational_1,Modern Conversational Idioms,cat_vocab_1778594020532,9,text,ᱞᱟᱸᱫᱟ ᱛᱮ ᱜᱚᱡ,Landa te goj – Dying of laughter,,,Hope,Modern World,Technology,Create something useful,"Olitun stands in a clean, modern learning space, gesturing toward a screen showing village success metrics.","Looking upward and forward, eyes shining bright with positive expectation, smiling gently.","Olitun expressing optimism for progress, new opportunities, and future success."
lesson_vocab_conversational_1,Modern Conversational Idioms,cat_vocab_1778594020532,10,text,ᱠᱩᱲᱤ ᱦᱚᱯᱚᱱ,Kuri hopon – Women / Girls,,,Ambition,Technology & Learning,Entrepreneurship,Learn something new,"Olitun stands under the bright sun, showcasing a creative blueprint of a village development project with pride.","Determined forward-looking gaze, confident stance, finger pointing toward the distant horizon.","Olitun aiming high, showing aspiration for modern education and career path."
lesson_vocab_conversational_1,Modern Conversational Idioms,cat_vocab_1778594020532,11,text,ᱠᱚᱲᱟ ᱦᱚᱯᱚᱱ,Kora hopon – Men / Boys,,,Pride,Future Success,Leadership,Build confidence,"Olitun works together with classmates around a table filled with building blocks and tablets, smiling with ambition.","Standing proud and tall, head high, shoulders back, holding cultural artifacts or projects.","Olitun celebrating cultural identity, heritage, and personal achievements."
lesson_vocab_conversational_1,Modern Conversational Idioms,cat_vocab_1778594020532,12,text,ᱜᱟᱛᱮ ᱠᱩᱲᱤ,Gate kuri – Female friend,,,Friendship,Modern World,Technology,Make a new friend,"Olitun smiling warmly while pointing happily toward the learner, conveying a deep feeling of friendship and belonging.","Warm direct eye contact, relaxed shoulders, open arms in a welcoming gesture.","Olitun showing warmth, inclusion, and building a strong social bond."
lesson_vocab_conversational_1,Modern Conversational Idioms,cat_vocab_1778594020532,13,text,ᱜᱟᱛᱮ ᱠᱚᱲᱟ,Gate kora – Male friend,,,Friendship,Technology & Learning,Entrepreneurship,Make a new friend,"Olitun smiling warmly while pointing happily toward the learner, conveying a deep feeling of friendship and belonging.","Warm direct eye contact, relaxed shoulders, open arms in a welcoming gesture.","Olitun showing warmth, inclusion, and building a strong social bond."
lesson_vocab_conversational_1,Modern Conversational Idioms,cat_vocab_1778594020532,14,text,ᱜᱩᱯᱩᱛᱤ ᱠᱟᱛᱷᱟ,Guputi katha – Secret talk / Whisper,,,Pride,Future Success,Leadership,Build confidence,"Olitun stands under the bright sun, showcasing a creative blueprint of a village development project with pride.","Standing proud and tall, head high, shoulders back, holding cultural artifacts or projects.","Olitun celebrating cultural identity, heritage, and personal achievements."
lesson_vocab_conversational_1,Modern Conversational Idioms,cat_vocab_1778594020532,15,text,ᱨᱟᱹᱥᱠᱟᱹ ᱢᱚᱱᱮ,Raska mone – Joyful mind / Happy heart,,,Hope,Modern World,Technology,Create something useful,"Olitun works together with classmates around a table filled with building blocks and tablets, smiling with ambition.","Looking upward and forward, eyes shining bright with positive expectation, smiling gently.","Olitun expressing optimism for progress, new opportunities, and future success."
lesson_vocab_conversational_1,Modern Conversational Idioms,cat_vocab_1778594020532,16,text,ᱫᱩᱠᱷ ᱡᱤᱣᱤ,Dukh jiwi – Sorrowful life,,,Ambition,Technology & Learning,Entrepreneurship,Learn something new,"Olitun stands beside a modern work table with drafting papers and a digital tablet, pointing forward with hope.","Determined forward-looking gaze, confident stance, finger pointing toward the distant horizon.","Olitun aiming high, showing aspiration for modern education and career path."
lesson_vocab_conversational_1,Modern Conversational Idioms,cat_vocab_1778594020532,17,text,ᱦᱚᱲ ᱢᱚᱱᱮ,Hor mone – Public opinion / Human heart,,,Pride,Future Success,Leadership,Build confidence,"Olitun stands in a clean, modern learning space, gesturing toward a screen showing village success metrics.","Standing proud and tall, head high, shoulders back, holding cultural artifacts or projects.","Olitun celebrating cultural identity, heritage, and personal achievements."
lesson_vocab_conversational_1,Modern Conversational Idioms,cat_vocab_1778594020532,18,text,ᱥᱤᱵᱤᱞ ᱡᱚᱢ,Sibil jom – Delicious food,,,Hope,Modern World,Technology,Create something useful,"Olitun stands under the bright sun, showcasing a creative blueprint of a village development project with pride.","Looking upward and forward, eyes shining bright with positive expectation, smiling gently.","Olitun expressing optimism for progress, new opportunities, and future success."
lesson_vocab_conversational_1,Modern Conversational Idioms,cat_vocab_1778594020532,19,text,ᱫᱟᱲᱮ ᱩᱫᱩᱜ,Dare udug – Show of strength,,,Ambition,Technology & Learning,Entrepreneurship,Learn something new,"Olitun works together with classmates around a table filled with building blocks and tablets, smiling with ambition.","Determined forward-looking gaze, confident stance, finger pointing toward the distant horizon.","Olitun aiming high, showing aspiration for modern education and career path."
lesson_vocab_conversational_1,Modern Conversational Idioms,cat_vocab_1778594020532,20,text,ᱢᱚᱱᱮ ᱴᱷᱟᱶ,Mone thaw – Settled mind / Contentment,,,Pride,Future Success,Leadership,Build confidence,"Olitun stands beside a modern work table with drafting papers and a digital tablet, pointing forward with hope.","Standing proud and tall, head high, shoulders back, holding cultural artifacts or projects.","Olitun celebrating cultural identity, heritage, and personal achievements."
lesson_vocab_conversational_1,Modern Conversational Idioms,cat_vocab_1778594020532,21,text,ᱨᱚᱲ ᱞᱟᱹᱱᱟᱹᱭ,Ror lanay – Reply / Answer,,,Hope,Modern World,Technology,Create something useful,"Olitun stands in a clean, modern learning space, gesturing toward a screen showing village success metrics.","Looking upward and forward, eyes shining bright with positive expectation, smiling gently.","Olitun expressing optimism for progress, new opportunities, and future success."
lesson_vocab_conversational_1,Modern Conversational Idioms,cat_vocab_1778594020532,22,text,ᱫᱤᱱᱟᱹᱢ ᱠᱟᱹᱢᱤ,Dinam kami – Daily chore,,,Ambition,Technology & Learning,Entrepreneurship,Learn something new,"Olitun stands under the bright sun, showcasing a creative blueprint of a village development project with pride.","Determined forward-looking gaze, confident stance, finger pointing toward the distant horizon.","Olitun aiming high, showing aspiration for modern education and career path."
lesson_vocab_conversational_1,Modern Conversational Idioms,cat_vocab_1778594020532,23,text,ᱥᱟᱹᱜᱩᱱ ᱫᱤᱱ,Sagun din – Auspicious day,,,Pride,Future Success,Leadership,Build confidence,"Olitun works together with classmates around a table filled with building blocks and tablets, smiling with ambition.","Standing proud and tall, head high, shoulders back, holding cultural artifacts or projects.","Olitun celebrating cultural identity, heritage, and personal achievements."
lesson_vocab_conversational_1,Modern Conversational Idioms,cat_vocab_1778594020532,24,text,ᱥᱟᱹᱨᱤ ᱢᱚᱱᱮ,Sari mone – Honest heart,,,Hope,Modern World,Technology,Create something useful,"Olitun stands beside a modern work table with drafting papers and a digital tablet, pointing forward with hope.","Looking upward and forward, eyes shining bright with positive expectation, smiling gently.","Olitun expressing optimism for progress, new opportunities, and future success."
lesson_vocab_conversational_2,Casual Idioms & Social Slang,cat_vocab_1778594020532,0,text,ᱢᱮᱫ ᱞᱩᱞᱩ,Med lulu – Staring blankly / Daydreaming,,,Hope,Modern World,Technology,Create something useful,"Olitun lying on a straw mat under a clear night sky, pointing at a shooting star in wonder.","Looking upward and forward, eyes shining bright with positive expectation, smiling gently.","Olitun expressing optimism for progress, new opportunities, and future success."
lesson_vocab_conversational_2,Casual Idioms & Social Slang,cat_vocab_1778594020532,1,text,ᱞᱩᱴᱩᱨ ᱠᱷᱟᱲᱟ,Lutur khara – Pricking ears / Listening intently,,,Ambition,Technology & Learning,Entrepreneurship,Learn something new,"Olitun stands in a clean, modern learning space, gesturing toward a screen showing village success metrics.","Determined forward-looking gaze, confident stance, finger pointing toward the distant horizon.","Olitun aiming high, showing aspiration for modern education and career path."
lesson_vocab_conversational_2,Casual Idioms & Social Slang,cat_vocab_1778594020532,2,text,ᱠᱟᱛᱷᱟ ᱨᱟᱹᱯᱩᱫ,Katha rapud – Breaking words / Interrupting,,,Pride,Future Success,Leadership,Build confidence,"Olitun stands under the bright sun, showcasing a creative blueprint of a village development project with pride.","Standing proud and tall, head high, shoulders back, holding cultural artifacts or projects.","Olitun celebrating cultural identity, heritage, and personal achievements."
lesson_vocab_conversational_2,Casual Idioms & Social Slang,cat_vocab_1778594020532,3,text,ᱢᱚᱱᱮ ᱦᱟᱹᱴᱤᱧ,Mone hatinj – Sharing feelings / Divided mind,,,Hope,Modern World,Technology,Create something useful,"Olitun works together with classmates around a table filled with building blocks and tablets, smiling with ambition.","Looking upward and forward, eyes shining bright with positive expectation, smiling gently.","Olitun expressing optimism for progress, new opportunities, and future success."
lesson_vocab_conversational_2,Casual Idioms & Social Slang,cat_vocab_1778594020532,4,text,ᱡᱤᱣᱤ ᱡᱩᱞ,Jiwi jul – Burning life / Passionate / Angry,,,Ambition,Technology & Learning,Entrepreneurship,Learn something new,"Olitun stands beside a modern work table with drafting papers and a digital tablet, pointing forward with hope.","Determined forward-looking gaze, confident stance, finger pointing toward the distant horizon.","Olitun aiming high, showing aspiration for modern education and career path."
lesson_vocab_conversational_2,Casual Idioms & Social Slang,cat_vocab_1778594020532,5,text,ᱞᱟᱸᱫᱟ ᱛᱷᱚᱠ,Landa thok – Weary of laughing,,,Pride,Future Success,Leadership,Build confidence,"Olitun stands in a clean, modern learning space, gesturing toward a screen showing village success metrics.","Standing proud and tall, head high, shoulders back, holding cultural artifacts or projects.","Olitun celebrating cultural identity, heritage, and personal achievements."
lesson_vocab_conversational_2,Casual Idioms & Social Slang,cat_vocab_1778594020532,6,text,ᱨᱚᱲ ᱪᱮᱦᱨᱟ,Ror chehra – Beautiful speech,,,Hope,Modern World,Technology,Create something useful,"Olitun stands under the bright sun, showcasing a creative blueprint of a village development project with pride.","Looking upward and forward, eyes shining bright with positive expectation, smiling gently.","Olitun expressing optimism for progress, new opportunities, and future success."
lesson_vocab_conversational_2,Casual Idioms & Social Slang,cat_vocab_1778594020532,7,text,ᱢᱚᱱᱮ ᱫᱟᱲᱮ,Mone dare – Willpower / Mental strength,,,Ambition,Technology & Learning,Entrepreneurship,Learn something new,"Olitun works together with classmates around a table filled with building blocks and tablets, smiling with ambition.","Determined forward-looking gaze, confident stance, finger pointing toward the distant horizon.","Olitun aiming high, showing aspiration for modern education and career path."
lesson_vocab_conversational_2,Casual Idioms & Social Slang,cat_vocab_1778594020532,8,text,ᱥᱟᱹᱜᱟᱹᱭ ᱛᱚᱞ,Sagay tol – Binding relationship / Making friends,,,Friendship,Future Success,Leadership,Make a new friend,"Olitun smiling warmly while pointing happily toward the learner, conveying a deep feeling of friendship and belonging.","Warm direct eye contact, relaxed shoulders, open arms in a welcoming gesture.","Olitun showing warmth, inclusion, and building a strong social bond."
lesson_vocab_conversational_2,Casual Idioms & Social Slang,cat_vocab_1778594020532,9,text,ᱠᱟᱛᱷᱟ ᱛᱚᱞ,Katha tol – Finalizing a promise,,,Hope,Modern World,Technology,Create something useful,"Olitun stands in a clean, modern learning space, gesturing toward a screen showing village success metrics.","Looking upward and forward, eyes shining bright with positive expectation, smiling gently.","Olitun expressing optimism for progress, new opportunities, and future success."
lesson_vocab_conversational_2,Casual Idioms & Social Slang,cat_vocab_1778594020532,10,text,ᱢᱚᱱᱮ ᱨᱟᱲᱟ,Mone rara – Relieved / Free mind,,,Ambition,Technology & Learning,Entrepreneurship,Learn something new,"Olitun stands under the bright sun, showcasing a creative blueprint of a village development project with pride.","Determined forward-looking gaze, confident stance, finger pointing toward the distant horizon.","Olitun aiming high, showing aspiration for modern education and career path."
lesson_vocab_conversational_2,Casual Idioms & Social Slang,cat_vocab_1778594020532,11,text,ᱡᱤᱣᱤ ᱛᱟᱦᱮᱸᱱ,Jiwi tahen – Staying alive / Living well,,,Pride,Future Success,Leadership,Build confidence,"Olitun works together with classmates around a table filled with building blocks and tablets, smiling with ambition.","Standing proud and tall, head high, shoulders back, holding cultural artifacts or projects.","Olitun celebrating cultural identity, heritage, and personal achievements."
lesson_vocab_conversational_2,Casual Idioms & Social Slang,cat_vocab_1778594020532,12,text,ᱫᱩᱞᱟᱹᱲ ᱜᱟᱛᱮ,Dular gate – Sweetheart / Dear friend,,,Friendship,Modern World,Technology,Make a new friend,"Olitun smiling warmly while pointing happily toward the learner, conveying a deep feeling of friendship and belonging.","Warm direct eye contact, relaxed shoulders, open arms in a welcoming gesture.","Olitun showing warmth, inclusion, and building a strong social bond."
lesson_vocab_conversational_2,Casual Idioms & Social Slang,cat_vocab_1778594020532,13,text,ᱦᱚᱲ ᱦᱚᱨ,Hor hor – Human path / Way of life,,,Ambition,Technology & Learning,Entrepreneurship,Learn something new,"Olitun stands in a clean, modern learning space, gesturing toward a screen showing village success metrics.","Determined forward-looking gaze, confident stance, finger pointing toward the distant horizon.","Olitun aiming high, showing aspiration for modern education and career path."
lesson_vocab_conversational_2,Casual Idioms & Social Slang,cat_vocab_1778594020532,14,text,ᱥᱟᱹᱨᱤ ᱥᱟᱨᱦᱟᱣ,Sari sarhaw – True appreciation,,,Pride,Future Success,Leadership,Build confidence,"Olitun stands under the bright sun, showcasing a creative blueprint of a village development project with pride.","Standing proud and tall, head high, shoulders back, holding cultural artifacts or projects.","Olitun celebrating cultural identity, heritage, and personal achievements."
lesson_vocab_conversational_2,Casual Idioms & Social Slang,cat_vocab_1778594020532,15,text,ᱨᱚᱲ ᱞᱟᱹᱰᱩ,Ror ladu – Sweet talks / Flattery,,,Hope,Modern World,Technology,Create something useful,"Olitun works together with classmates around a table filled with building blocks and tablets, smiling with ambition.","Looking upward and forward, eyes shining bright with positive expectation, smiling gently.","Olitun expressing optimism for progress, new opportunities, and future success."
lesson_vocab_conversational_2,Casual Idioms & Social Slang,cat_vocab_1778594020532,16,text,ᱢᱚᱱᱮ ᱠᱟᱹᱭ,Mone kay – Sin of the heart / Guilty conscience,,,Ambition,Technology & Learning,Entrepreneurship,Learn something new,"Olitun stands beside a modern work table with drafting papers and a digital tablet, pointing forward with hope.","Determined forward-looking gaze, confident stance, finger pointing toward the distant horizon.","Olitun aiming high, showing aspiration for modern education and career path."
lesson_vocab_conversational_2,Casual Idioms & Social Slang,cat_vocab_1778594020532,17,text,ᱡᱤᱣᱤ ᱦᱟᱹᱞᱤ,Jiwi hali – Lively spirit / Fresh energy,,,Pride,Future Success,Leadership,Build confidence,"Olitun stands in a clean, modern learning space, gesturing toward a screen showing village success metrics.","Standing proud and tall, head high, shoulders back, holding cultural artifacts or projects.","Olitun celebrating cultural identity, heritage, and personal achievements."
lesson_vocab_conversational_2,Casual Idioms & Social Slang,cat_vocab_1778594020532,18,text,ᱠᱟᱹᱢᱤ ᱞᱟᱹᱜᱤᱫ,Kami lagid – Ready to work,,,Confidence,Modern World,Technology,Complete a task,"Olitun carefully carrying out a task, like neatly filing books or designing a wooden model, demonstrating capability and responsibility.","Standing tall, head held high, chest slightly out, a bright and self-assured smile.","Olitun exhibiting self-reliance, readiness to learn, and pride in their capabilities."
lesson_vocab_conversational_2,Casual Idioms & Social Slang,cat_vocab_1778594020532,19,text,ᱥᱟᱱᱛᱟᱲᱤ ᱨᱚᱲ,Santali ror – Speaking Santali,,,Ambition,Technology & Learning,Entrepreneurship,Learn something new,"Olitun works together with classmates around a table filled with building blocks and tablets, smiling with ambition.","Determined forward-looking gaze, confident stance, finger pointing toward the distant horizon.","Olitun aiming high, showing aspiration for modern education and career path."
lesson_vocab_conversational_2,Casual Idioms & Social Slang,cat_vocab_1778594020532,20,text,ᱢᱚᱱᱮ ᱩᱭᱦᱟᱹᱨ,Mone uyhar – Thoughts of the heart,,,Pride,Future Success,Leadership,Build confidence,"Olitun stands beside a modern work table with drafting papers and a digital tablet, pointing forward with hope.","Standing proud and tall, head high, shoulders back, holding cultural artifacts or projects.","Olitun celebrating cultural identity, heritage, and personal achievements."
lesson_vocab_conversational_2,Casual Idioms & Social Slang,cat_vocab_1778594020532,21,text,ᱫᱤᱱᱟᱹᱢ ᱫᱟᱠᱟ,Dinam daka – Daily bread,,,Hope,Modern World,Technology,Create something useful,"Olitun excitedly discovering knowledge inside a large, open picture book that glows with colorful patterns.","Looking upward and forward, eyes shining bright with positive expectation, smiling gently.","Olitun expressing optimism for progress, new opportunities, and future success."
lesson_vocab_conversational_2,Casual Idioms & Social Slang,cat_vocab_1778594020532,22,text,ᱥᱟᱹᱜᱩᱱ ᱧᱮᱞ,Sagun njel – Good vision / Omen,,,Ambition,Technology & Learning,Entrepreneurship,Learn something new,"Olitun stands under the bright sun, showcasing a creative blueprint of a village development project with pride.","Determined forward-looking gaze, confident stance, finger pointing toward the distant horizon.","Olitun aiming high, showing aspiration for modern education and career path."
lesson_vocab_conversational_2,Casual Idioms & Social Slang,cat_vocab_1778594020532,23,text,ᱦᱚᱲ ᱫᱟᱲᱮ,Hor dare – Collective human strength,,,Pride,Future Success,Leadership,Build confidence,"Olitun works together with classmates around a table filled with building blocks and tablets, smiling with ambition.","Standing proud and tall, head high, shoulders back, holding cultural artifacts or projects.","Olitun celebrating cultural identity, heritage, and personal achievements."
lesson_vocab_conversational_2,Casual Idioms & Social Slang,cat_vocab_1778594020532,24,text,ᱥᱟᱹᱨᱤ ᱫᱷᱚᱨᱚᱢ,Sari dhorom – True religion / Path of truth,,,Hope,Modern World,Technology,Create something useful,"Olitun standing tall on a hill overlooking the village, looking forward with strong resolution.","Looking upward and forward, eyes shining bright with positive expectation, smiling gently.","Olitun expressing optimism for progress, new opportunities, and future success."
lesson_vocab_folk_1,Folk Proverbs & Tribal Wisdom I,cat_vocab_1778594020532,0,text,ᱫᱟᱨᱮ ᱜᱮ ᱫᱷᱚᱱ,Dare ge dhon – Forest is wealth,,,Pride,Working Together,Leadership,Solve a problem,"Olitun planting a young green seedling in rich soil, showing care and responsibility for nature.","Standing proud and tall, head high, shoulders back, holding cultural artifacts or projects.","Olitun celebrating cultural identity, heritage, and personal achievements."
lesson_vocab_folk_1,Folk Proverbs & Tribal Wisdom I,cat_vocab_1778594020532,1,text,ᱦᱚᱲ ᱨᱚᱲ ᱵᱩᱨᱩ ᱨᱚᱲ,Hor ror buru ror – Man's word is as firm as the hill,,,Achievement,Exploring Nature,Creativity,Teach others,"Olitun gestures toward a village map drawn on a board, explaining a plan to classmates with confidence.","Cheerful smile, hands raised in a small celebration or showing a finished project.","Olitun enjoying the reward of dedication, effort, and hard work."
lesson_vocab_folk_1,Folk Proverbs & Tribal Wisdom I,cat_vocab_1778594020532,2,text,ᱫᱟᱜ ᱨᱮ ᱡᱟᱱᱟᱢ,Dag re janam – Born in water / Pure spirit,,,Gratitude,Dreaming Big,Problem Solving,Create something useful,"Olitun drinking cool, clean water from a traditional clay pot, looking refreshed and happy.","Slightly bowed head, hands held together or offering a token of appreciation, warm smile.",Olitun acknowledging and appreciating the kindness and efforts of others.
lesson_vocab_folk_1,Folk Proverbs & Tribal Wisdom I,cat_vocab_1778594020532,3,text,ᱦᱟᱥᱟ ᱦᱚᱲᱢᱚ,Hasa hormo – Clay body / Mortal self,,,Pride,Working Together,Leadership,Solve a problem,"Olitun holding a handful of rich, dark soil, ready to plant seeds, looking hopeful and proud.","Standing proud and tall, head high, shoulders back, holding cultural artifacts or projects.","Olitun celebrating cultural identity, heritage, and personal achievements."
lesson_vocab_folk_1,Folk Proverbs & Tribal Wisdom I,cat_vocab_1778594020532,4,text,ᱥᱮᱸᱜᱮᱞ ᱡᱤᱣᱤ,Sengel jiwi – Fiery soul / Passionate spirit,,,Achievement,Exploring Nature,Creativity,Teach others,"Olitun stands with hands on hips, looking out over the village from a scenic hill, representing leadership.","Cheerful smile, hands raised in a small celebration or showing a finished project.","Olitun enjoying the reward of dedication, effort, and hard work."
lesson_vocab_folk_1,Folk Proverbs & Tribal Wisdom I,cat_vocab_1778594020532,5,text,ᱦᱚᱭ ᱞᱮᱠᱟ ᱫᱟᱹᱲ,Hoy leka dar – Running like the wind / Fleet-footed,,,Gratitude,Dreaming Big,Problem Solving,Create something useful,"Olitun gestures toward a village map drawn on a board, explaining a plan to classmates with confidence.","Slightly bowed head, hands held together or offering a token of appreciation, warm smile.",Olitun acknowledging and appreciating the kindness and efforts of others.
lesson_vocab_folk_1,Folk Proverbs & Tribal Wisdom I,cat_vocab_1778594020532,6,text,ᱵᱤᱨ ᱩᱢᱩᱞ,Bir umul – Shade of the forest / Nature's protection,,,Pride,Working Together,Leadership,Solve a problem,"Olitun planting a young green seedling in rich soil, showing care and responsibility for nature.","Standing proud and tall, head high, shoulders back, holding cultural artifacts or projects.","Olitun celebrating cultural identity, heritage, and personal achievements."
lesson_vocab_folk_1,Folk Proverbs & Tribal Wisdom I,cat_vocab_1778594020532,7,text,ᱫᱟᱨᱮ ᱥᱟᱠᱟᱢ,Dare sakam – Tree leaves / Herbal cure,,,Achievement,Exploring Nature,Creativity,Teach others,"Olitun planting a young green seedling in rich soil, showing care and responsibility for nature.","Cheerful smile, hands raised in a small celebration or showing a finished project.","Olitun enjoying the reward of dedication, effort, and hard work."
lesson_vocab_folk_1,Folk Proverbs & Tribal Wisdom I,cat_vocab_1778594020532,8,text,ᱡᱤᱣᱤ ᱡᱟᱹᱞᱤ,Jiwi jhale – Snare of life / Interconnected existence,,,Gratitude,Dreaming Big,Problem Solving,Create something useful,"Olitun stands with hands on hips, looking out over the village from a scenic hill, representing leadership.","Slightly bowed head, hands held together or offering a token of appreciation, warm smile.",Olitun acknowledging and appreciating the kindness and efforts of others.
lesson_vocab_folk_1,Folk Proverbs & Tribal Wisdom I,cat_vocab_1778594020532,9,text,ᱥᱟᱹᱨᱤ ᱥᱮᱨᱢᱟ,Sari serma – True heavens / Cosmic order,,,Pride,Working Together,Leadership,Solve a problem,"Olitun gestures toward a village map drawn on a board, explaining a plan to classmates with confidence.","Standing proud and tall, head high, shoulders back, holding cultural artifacts or projects.","Olitun celebrating cultural identity, heritage, and personal achievements."
lesson_vocab_folk_1,Folk Proverbs & Tribal Wisdom I,cat_vocab_1778594020532,10,text,ᱠᱩᱫᱩᱢ ᱠᱟᱛᱷᱟ,Kudum katha – Riddle talk / Figurative expression,,,Achievement,Exploring Nature,Creativity,Teach others,"Olitun sits in a circle with friends around a small fire, gesturing warmly while sharing a traditional story.","Cheerful smile, hands raised in a small celebration or showing a finished project.","Olitun enjoying the reward of dedication, effort, and hard work."
lesson_vocab_folk_1,Folk Proverbs & Tribal Wisdom I,cat_vocab_1778594020532,11,text,ᱵᱮᱱᱛᱟ ᱨᱚᱲ,Benta ror – Idiomatic speech / Indirect speech,,,Gratitude,Dreaming Big,Problem Solving,Create something useful,"Olitun stands proudly at a crossroads in the village, pointing toward a path of opportunity.","Slightly bowed head, hands held together or offering a token of appreciation, warm smile.",Olitun acknowledging and appreciating the kindness and efforts of others.
lesson_vocab_folk_1,Folk Proverbs & Tribal Wisdom I,cat_vocab_1778594020532,12,text,ᱦᱟᱲᱟᱢ ᱠᱟᱛᱷᱟ,Haram katha – Ancestral wisdom / Sayings of elders,,,Pride,Dreaming Big,Leadership,Teach others,"Olitun standing tall on a hill overlooking the village, looking forward with strong resolution.","Standing proud and tall, head high, shoulders back, holding cultural artifacts or projects.","Olitun celebrating cultural identity, heritage, and personal achievements."
lesson_vocab_folk_1,Folk Proverbs & Tribal Wisdom I,cat_vocab_1778594020532,13,text,ᱵᱩᱰᱷᱤ ᱩᱭᱦᱟᱹᱨ,Budhi uyhar – Wise grandmother's advice,,,Achievement,Exploring Nature,Creativity,Teach others,A gentle Santhal mother smiling warmly as she helps Olitun adjust a neat shoulder bag.,"Cheerful smile, hands raised in a small celebration or showing a finished project.","Olitun enjoying the reward of dedication, effort, and hard work."
lesson_vocab_folk_1,Folk Proverbs & Tribal Wisdom I,cat_vocab_1778594020532,14,text,ᱟᱹᱛᱩ ᱟᱹᱨᱤ,Atu ari – Custom of the village,,,Gratitude,Dreaming Big,Problem Solving,Create something useful,"Olitun sits in a circle with friends around a small fire, gesturing warmly while sharing a traditional story.","Slightly bowed head, hands held together or offering a token of appreciation, warm smile.",Olitun acknowledging and appreciating the kindness and efforts of others.
lesson_vocab_folk_1,Folk Proverbs & Tribal Wisdom I,cat_vocab_1778594020532,15,text,ᱡᱩᱢᱤᱫᱽ ᱫᱟᱲᱮ,Jumid dare – Strength in unity,,,Pride,Working Together,Leadership,Solve a problem,"Olitun stands proudly at a crossroads in the village, pointing toward a path of opportunity.","Standing proud and tall, head high, shoulders back, holding cultural artifacts or projects.","Olitun celebrating cultural identity, heritage, and personal achievements."
lesson_vocab_folk_1,Folk Proverbs & Tribal Wisdom I,cat_vocab_1778594020532,16,text,ᱥᱚᱦᱨᱟᱭ ᱥᱮᱨᱮᱧ,Sohrae serenj – Traditional Sohrae harvest songs,,,Achievement,Exploring Nature,Creativity,Teach others,"Olitun stands with hands on hips, looking out over the village from a scenic hill, representing leadership.","Cheerful smile, hands raised in a small celebration or showing a finished project.","Olitun enjoying the reward of dedication, effort, and hard work."
lesson_vocab_folk_1,Folk Proverbs & Tribal Wisdom I,cat_vocab_1778594020532,17,text,ᱵᱟᱦᱟ ᱥᱟᱠᱟᱢ,Baha sakam – Flower petals / Sacred offerings,,,Gratitude,Dreaming Big,Problem Solving,Create something useful,"Olitun holds a ripe, bright red pomegranate, showing its rich color with a proud and happy smile.","Slightly bowed head, hands held together or offering a token of appreciation, warm smile.",Olitun acknowledging and appreciating the kindness and efforts of others.
lesson_vocab_folk_1,Folk Proverbs & Tribal Wisdom I,cat_vocab_1778594020532,18,text,ᱡᱟᱦᱮᱨ ᱩᱢᱩᱞ,Jaher umul – Protection of the sacred grove,,,Pride,Working Together,Leadership,Solve a problem,"Olitun holds a ripe, bright red pomegranate, showing its rich color with a proud and happy smile.","Standing proud and tall, head high, shoulders back, holding cultural artifacts or projects.","Olitun celebrating cultural identity, heritage, and personal achievements."
lesson_vocab_folk_1,Folk Proverbs & Tribal Wisdom I,cat_vocab_1778594020532,19,text,ᱢᱟᱹᱧᱡᱷᱤ ᱵᱤᱪᱟᱹᱨ,Manjhi bicar – Headman's judgment / Local justice,,,Achievement,Exploring Nature,Creativity,Teach others,"Olitun stands proudly at a crossroads in the village, pointing toward a path of opportunity.","Cheerful smile, hands raised in a small celebration or showing a finished project.","Olitun enjoying the reward of dedication, effort, and hard work."
lesson_vocab_folk_1,Folk Proverbs & Tribal Wisdom I,cat_vocab_1778594020532,20,text,ᱦᱚᱲ ᱫᱷᱚᱨᱚᱢ,Hor dhorom – The way of the Santal / Righteousness,,,Pride,Dreaming Big,Leadership,Teach others,"Olitun pointing toward a balanced, hand-carved wooden scale, indicating fairness and justice.","Standing proud and tall, head high, shoulders back, holding cultural artifacts or projects.","Olitun celebrating cultural identity, heritage, and personal achievements."
lesson_vocab_folk_1,Folk Proverbs & Tribal Wisdom I,cat_vocab_1778594020532,21,text,ᱥᱤᱨᱡᱚᱱ ᱫᱩᱞᱟᱹᱲ,Sirjon dular – Love for nature,,,Pride,Working Together,Leadership,Solve a problem,"Olitun gestures toward a village map drawn on a board, explaining a plan to classmates with confidence.","Standing proud and tall, head high, shoulders back, holding cultural artifacts or projects.","Olitun celebrating cultural identity, heritage, and personal achievements."
lesson_vocab_folk_1,Folk Proverbs & Tribal Wisdom I,cat_vocab_1778594020532,22,text,ᱚᱛ ᱦᱟᱥᱟ,Ot hasa – Land and soil / Motherland,,,Achievement,Exploring Nature,Creativity,Teach others,A gentle Santhal mother smiling warmly as she helps Olitun adjust a neat shoulder bag.,"Cheerful smile, hands raised in a small celebration or showing a finished project.","Olitun enjoying the reward of dedication, effort, and hard work."
lesson_vocab_folk_1,Folk Proverbs & Tribal Wisdom I,cat_vocab_1778594020532,23,text,ᱵᱤᱨ ᱡᱟᱱᱣᱟᱨ,Bir janwar – Wild beasts / Forest fauna,,,Gratitude,Dreaming Big,Problem Solving,Create something useful,"Olitun planting a young green seedling in rich soil, showing care and responsibility for nature.","Slightly bowed head, hands held together or offering a token of appreciation, warm smile.",Olitun acknowledging and appreciating the kindness and efforts of others.
lesson_vocab_folk_1,Folk Proverbs & Tribal Wisdom I,cat_vocab_1778594020532,24,text,ᱥᱟᱹᱜᱩᱱ ᱥᱟᱠᱟᱢ,Sagun sakam – Auspicious leaf / Sacred message,,,Pride,Working Together,Leadership,Solve a problem,"Olitun holds a ripe, bright red pomegranate, showing its rich color with a proud and happy smile.","Standing proud and tall, head high, shoulders back, holding cultural artifacts or projects.","Olitun celebrating cultural identity, heritage, and personal achievements."
lesson_vocab_folk_1,Folk Proverbs & Tribal Wisdom I,cat_vocab_1778594020532,25,text,ᱢᱟᱹᱱᱢᱤ ᱜᱮᱭᱟᱱ,Manmi geyan – Human wisdom,,,Pride,Dreaming Big,Leadership,Teach others,"Olitun standing tall on a hill overlooking the village, looking forward with strong resolution.","Standing proud and tall, head high, shoulders back, holding cultural artifacts or projects.","Olitun celebrating cultural identity, heritage, and personal achievements."
lesson_vocab_folk_2,Folk Proverbs & Tribal Wisdom II,cat_vocab_1778594020532,0,text,ᱜᱚᱡ ᱜᱤᱰᱤ,Goj gidi – Discarded / Dead and thrown / Forgotten,,,Pride,Working Together,Leadership,Solve a problem,"Olitun stands with hands on hips, looking out over the village from a scenic hill, representing leadership.","Standing proud and tall, head high, shoulders back, holding cultural artifacts or projects.","Olitun celebrating cultural identity, heritage, and personal achievements."
lesson_vocab_folk_2,Folk Proverbs & Tribal Wisdom II,cat_vocab_1778594020532,1,text,ᱡᱤᱣᱤ ᱛᱚᱞ,Jiwi tol – Mind bound / Dedication / Vow,,,Achievement,Exploring Nature,Creativity,Teach others,"Olitun gestures toward a village map drawn on a board, explaining a plan to classmates with confidence.","Cheerful smile, hands raised in a small celebration or showing a finished project.","Olitun enjoying the reward of dedication, effort, and hard work."
lesson_vocab_folk_2,Folk Proverbs & Tribal Wisdom II,cat_vocab_1778594020532,2,text,ᱢᱚᱱᱮ ᱛᱷᱟᱹᱭ,Mone thay – Firm decision,,,Gratitude,Dreaming Big,Problem Solving,Create something useful,"Olitun sits in a circle with friends around a small fire, gesturing warmly while sharing a traditional story.","Slightly bowed head, hands held together or offering a token of appreciation, warm smile.",Olitun acknowledging and appreciating the kindness and efforts of others.
lesson_vocab_folk_2,Folk Proverbs & Tribal Wisdom II,cat_vocab_1778594020532,3,text,ᱞᱩᱴᱤ ᱡᱚᱢ,Luti jom – Eating through lips / False promises,,,Pride,Working Together,Leadership,Solve a problem,"Olitun stands proudly at a crossroads in the village, pointing toward a path of opportunity.","Standing proud and tall, head high, shoulders back, holding cultural artifacts or projects.","Olitun celebrating cultural identity, heritage, and personal achievements."
lesson_vocab_folk_2,Folk Proverbs & Tribal Wisdom II,cat_vocab_1778594020532,4,text,ᱢᱩ ᱛᱮ ᱨᱟᱠᱟᱵ,Mu te rakab – Boiling with anger / Nostril rage,,,Achievement,Exploring Nature,Creativity,Teach others,"Olitun stands with hands on hips, looking out over the village from a scenic hill, representing leadership.","Cheerful smile, hands raised in a small celebration or showing a finished project.","Olitun enjoying the reward of dedication, effort, and hard work."
lesson_vocab_folk_2,Folk Proverbs & Tribal Wisdom II,cat_vocab_1778594020532,5,text,ᱫᱟᱜ ᱫᱷᱤᱨᱤ,Dag dhiri – Wet stone / Indifferent person,,,Gratitude,Dreaming Big,Problem Solving,Create something useful,"Olitun gestures toward a village map drawn on a board, explaining a plan to classmates with confidence.","Slightly bowed head, hands held together or offering a token of appreciation, warm smile.",Olitun acknowledging and appreciating the kindness and efforts of others.
lesson_vocab_folk_2,Folk Proverbs & Tribal Wisdom II,cat_vocab_1778594020532,6,text,ᱵᱤᱨ ᱫᱟᱨᱮ,Bir dare – Forest trees / Native strength,,,Pride,Working Together,Leadership,Solve a problem,"Olitun planting a young green seedling in rich soil, showing care and responsibility for nature.","Standing proud and tall, head high, shoulders back, holding cultural artifacts or projects.","Olitun celebrating cultural identity, heritage, and personal achievements."
lesson_vocab_folk_2,Folk Proverbs & Tribal Wisdom II,cat_vocab_1778594020532,7,text,ᱦᱟᱥᱟ ᱚᱲᱟᱜ,Hasa orag – Mud house / Humble dwelling,,,Achievement,Exploring Nature,Creativity,Teach others,"Olitun works with rich brown clay, sculpting a small toy pot with focused, creative hands.","Cheerful smile, hands raised in a small celebration or showing a finished project.","Olitun enjoying the reward of dedication, effort, and hard work."
lesson_vocab_folk_2,Folk Proverbs & Tribal Wisdom II,cat_vocab_1778594020532,8,text,ᱥᱮᱨᱢᱟ ᱤᱯᱤᱞ,Serma ipil – Heavenly stars / Guide,,,Gratitude,Dreaming Big,Problem Solving,Create something useful,"Olitun lying on a straw mat under a clear night sky, pointing at a shooting star in wonder.","Slightly bowed head, hands held together or offering a token of appreciation, warm smile.",Olitun acknowledging and appreciating the kindness and efforts of others.
lesson_vocab_folk_2,Folk Proverbs & Tribal Wisdom II,cat_vocab_1778594020532,9,text,ᱧᱤᱫᱟᱹ ᱩᱢᱩᱞ,Njida umul – Night shadow / Mysterious,,,Pride,Working Together,Leadership,Solve a problem,"Olitun gestures toward a village map drawn on a board, explaining a plan to classmates with confidence.","Standing proud and tall, head high, shoulders back, holding cultural artifacts or projects.","Olitun celebrating cultural identity, heritage, and personal achievements."
lesson_vocab_folk_2,Folk Proverbs & Tribal Wisdom II,cat_vocab_1778594020532,10,text,ᱥᱤᱸᱜᱮ ᱥᱤᱛᱩᱝ,Singe situng – Scorching midday sun,,,Achievement,Exploring Nature,Creativity,Teach others,"Olitun looking up at the warm morning sun rising over the hills, eyes filled with hope.","Cheerful smile, hands raised in a small celebration or showing a finished project.","Olitun enjoying the reward of dedication, effort, and hard work."
lesson_vocab_folk_2,Folk Proverbs & Tribal Wisdom II,cat_vocab_1778594020532,11,text,ᱨᱤᱢᱤᱞ ᱫᱟᱜ,Rimil dag – Cloud rain / Dynamic blessing,,,Gratitude,Dreaming Big,Problem Solving,Create something useful,"Olitun standing under a shelter, watching fresh raindrops fall on green leaves, smiling with curiosity.","Slightly bowed head, hands held together or offering a token of appreciation, warm smile.",Olitun acknowledging and appreciating the kindness and efforts of others.
lesson_vocab_folk_2,Folk Proverbs & Tribal Wisdom II,cat_vocab_1778594020532,12,text,ᱦᱚᱲ ᱦᱚᱨᱢᱚ,Hor hormo – Santal body / Earthly vessel,,,Pride,Working Together,Leadership,Solve a problem,"Olitun holding a handful of rich, dark soil, ready to plant seeds, looking hopeful and proud.","Standing proud and tall, head high, shoulders back, holding cultural artifacts or projects.","Olitun celebrating cultural identity, heritage, and personal achievements."
lesson_vocab_folk_2,Folk Proverbs & Tribal Wisdom II,cat_vocab_1778594020532,13,text,ᱥᱤᱵᱤᱞ ᱥᱟᱹᱜᱟᱹᱭ,Sibil sagay – Sweet relationship / Affectionate bonding,,,Achievement,Exploring Nature,Creativity,Teach others,"Olitun gestures toward a village map drawn on a board, explaining a plan to classmates with confidence.","Cheerful smile, hands raised in a small celebration or showing a finished project.","Olitun enjoying the reward of dedication, effort, and hard work."
lesson_vocab_folk_2,Folk Proverbs & Tribal Wisdom II,cat_vocab_1778594020532,14,text,ᱢᱚᱱᱮ ᱠᱮᱴᱮᱡ,Mone ketej – Strong mind / Brave heart,,,Gratitude,Dreaming Big,Problem Solving,Create something useful,"Olitun sits in a circle with friends around a small fire, gesturing warmly while sharing a traditional story.","Slightly bowed head, hands held together or offering a token of appreciation, warm smile.",Olitun acknowledging and appreciating the kindness and efforts of others.
lesson_vocab_folk_2,Folk Proverbs & Tribal Wisdom II,cat_vocab_1778594020532,15,text,ᱡᱤᱣᱤ ᱨᱟᱲᱟ,Jiwi rara – Soul liberation / Ultimate peace,,,Pride,Working Together,Leadership,Solve a problem,"Olitun stands proudly at a crossroads in the village, pointing toward a path of opportunity.","Standing proud and tall, head high, shoulders back, holding cultural artifacts or projects.","Olitun celebrating cultural identity, heritage, and personal achievements."
lesson_vocab_folk_2,Folk Proverbs & Tribal Wisdom II,cat_vocab_1778594020532,16,text,ᱫᱩᱞᱟᱹᱲ ᱜᱟᱹᱰᱤ,Dular gadi – River of love,,,Achievement,Exploring Nature,Creativity,Teach others,"Olitun discovering a clear, flowing spring in the forest, pointing at the clean water.","Cheerful smile, hands raised in a small celebration or showing a finished project.","Olitun enjoying the reward of dedication, effort, and hard work."
lesson_vocab_folk_2,Folk Proverbs & Tribal Wisdom II,cat_vocab_1778594020532,17,text,ᱥᱟᱹᱨᱤ ᱜᱩᱨᱩ,Sari guru – True teacher / Master,,,Gratitude,Dreaming Big,Problem Solving,Create something useful,"Olitun gestures toward a village map drawn on a board, explaining a plan to classmates with confidence.","Slightly bowed head, hands held together or offering a token of appreciation, warm smile.",Olitun acknowledging and appreciating the kindness and efforts of others.
lesson_vocab_folk_2,Folk Proverbs & Tribal Wisdom II,cat_vocab_1778594020532,18,text,ᱜᱮᱭᱟᱱ ᱫᱚᱨᱭᱟ,Geyan dorya – Ocean of knowledge,,,Pride,Working Together,Leadership,Solve a problem,"Olitun sits in a circle with friends around a small fire, gesturing warmly while sharing a traditional story.","Standing proud and tall, head high, shoulders back, holding cultural artifacts or projects.","Olitun celebrating cultural identity, heritage, and personal achievements."
lesson_vocab_folk_2,Folk Proverbs & Tribal Wisdom II,cat_vocab_1778594020532,19,text,ᱞᱟᱠᱪᱟᱨ ᱦᱚᱨ,Lakchar hor – Cultural path,,,Achievement,Exploring Nature,Creativity,Teach others,"Olitun stands proudly at a crossroads in the village, pointing toward a path of opportunity.","Cheerful smile, hands raised in a small celebration or showing a finished project.","Olitun enjoying the reward of dedication, effort, and hard work."
lesson_vocab_folk_2,Folk Proverbs & Tribal Wisdom II,cat_vocab_1778594020532,20,text,ᱟᱹᱨᱤ ᱥᱟᱹᱨᱤ,Ari sari – Pure traditions / Absolute truth,,,Pride,Dreaming Big,Leadership,Teach others,"Olitun standing tall on a hill overlooking the village, looking forward with strong resolution.","Standing proud and tall, head high, shoulders back, holding cultural artifacts or projects.","Olitun celebrating cultural identity, heritage, and personal achievements."
lesson_vocab_folk_2,Folk Proverbs & Tribal Wisdom II,cat_vocab_1778594020532,21,text,ᱥᱟᱶᱦᱮᱫ ᱡᱤᱣᱤ,Sawhet jiwi – Soul of literature,,,Pride,Working Together,Leadership,Solve a problem,"Olitun gestures toward a village map drawn on a board, explaining a plan to classmates with confidence.","Standing proud and tall, head high, shoulders back, holding cultural artifacts or projects.","Olitun celebrating cultural identity, heritage, and personal achievements."
lesson_vocab_folk_2,Folk Proverbs & Tribal Wisdom II,cat_vocab_1778594020532,22,text,ᱥᱤᱨᱡᱚᱱ ᱫᱷᱚᱨᱚᱢ,Sirjon dhorom – Religion of nature,,,Achievement,Exploring Nature,Creativity,Teach others,"Olitun sits in a circle with friends around a small fire, gesturing warmly while sharing a traditional story.","Cheerful smile, hands raised in a small celebration or showing a finished project.","Olitun enjoying the reward of dedication, effort, and hard work."
lesson_vocab_folk_2,Folk Proverbs & Tribal Wisdom II,cat_vocab_1778594020532,23,text,ᱫᱤᱥᱚᱢ ᱫᱟᱲᱮ,Disom dare – Power of the land,,,Gratitude,Dreaming Big,Problem Solving,Create something useful,"Olitun stands proudly at a crossroads in the village, pointing toward a path of opportunity.","Slightly bowed head, hands held together or offering a token of appreciation, warm smile.",Olitun acknowledging and appreciating the kindness and efforts of others.
lesson_vocab_folk_2,Folk Proverbs & Tribal Wisdom II,cat_vocab_1778594020532,24,text,ᱥᱟᱹᱜᱩᱱ ᱧᱩᱛᱩᱢ,Sagun nyutum – Good name / Renown,,,Pride,Working Together,Leadership,Solve a problem,"Olitun stands with hands on hips, looking out over the village from a scenic hill, representing leadership.","Standing proud and tall, head high, shoulders back, holding cultural artifacts or projects.","Olitun celebrating cultural identity, heritage, and personal achievements."
lesson_vocab_folk_2,Folk Proverbs & Tribal Wisdom II,cat_vocab_1778594020532,25,text,ᱢᱟᱹᱱᱢᱤ ᱫᱷᱚᱨᱚᱢ,Manmi dhorom – Humanity / Service to mankind,,,Achievement,Exploring Nature,Creativity,Teach others,"Olitun gestures toward a village map drawn on a board, explaining a plan to classmates with confidence.","Cheerful smile, hands raised in a small celebration or showing a finished project.","Olitun enjoying the reward of dedication, effort, and hard work."
lesson_sentences_conversations,Daily Conversations,cat_sentences_1778594024495,0,text,ᱤᱧ ᱨᱮᱸᱜᱮᱡ ᱮᱫ ᱤᱧᱟ,In rengej ed inja – I am hungry,,,Confidence,Learning New Things,Learning,Complete a task,"a young Santhal child classmate proudly holds a hand-painted wooden sign, smiling warmly with confidence. Show only the speaking character, never show both speakers in the same frame.","Standing tall, head held high, chest slightly out, a bright and self-assured smile.","a young Santhal child classmate exhibiting self-reliance, readiness to learn, and pride in their capabilities."
lesson_sentences_conversations,Daily Conversations,cat_sentences_1778594024495,1,text,ᱫᱟᱠᱟ ᱡᱚᱢ ᱢᱮ,Daka jom me – Please eat food,,,Gratitude,Helping Others,Responsibility,Help someone,"a young Santhal child classmate points to a chalkboard showing simple diagrams, looking encouragingly toward classmates. Show only the speaking character, never show both speakers in the same frame.","Slightly bowed head, hands held together or offering a token of appreciation, warm smile.",a young Santhal child classmate acknowledging and appreciating the kindness and efforts of others.
lesson_sentences_conversations,Daily Conversations,cat_sentences_1778594024495,2,text,ᱫᱟᱜ ᱧᱩ ᱢᱮ,Dag nju me – Please drink water,,,Gratitude,Helping Others,Responsibility,Help someone,"Olitun drinking cool, clean water from a traditional clay pot, looking refreshed and happy. Show only the speaking character, never show both speakers in the same frame.","Slightly bowed head, hands held together or offering a token of appreciation, warm smile.",Olitun acknowledging and appreciating the kindness and efforts of others.
lesson_sentences_conversations,Daily Conversations,cat_sentences_1778594024495,3,text,ᱤᱧ ᱯᱟᱲᱦᱟᱜ ᱠᱟᱱᱟᱧ,In parhaag kananj – I am studying,,,Confidence,Learning New Things,Learning,Build confidence,"a young Santhal child classmate excitedly discovering knowledge inside a large, open picture book that glows with colorful patterns. Show only the speaking character, never show both speakers in the same frame.","Standing tall, head held high, chest slightly out, a bright and self-assured smile.","a young Santhal child classmate exhibiting self-reliance, readiness to learn, and pride in their capabilities."
lesson_sentences_conversations,Daily Conversations,cat_sentences_1778594024495,4,text,ᱟᱢ ᱪᱮᱫ ᱮᱢ ᱪᱤᱠᱟᱹᱭᱮᱫᱟ?,Am ced em cikayeda? – What are you doing?,,,Gratitude,Helping Others,Confidence,Complete a task,"Olitun proudly holds a hand-painted wooden sign, smiling warmly with confidence. Show only the speaking character, never show both speakers in the same frame.","Slightly bowed head, hands held together or offering a token of appreciation, warm smile.",Olitun acknowledging and appreciating the kindness and efforts of others.
lesson_sentences_conversations,Daily Conversations,cat_sentences_1778594024495,5,text,ᱤᱧ ᱫᱚ ᱠᱟᱹᱢᱤᱭᱮᱫᱟᱧ,In do kamiyedanj – I am working,,,Confidence,Learning New Things,Learning,Build confidence,"a young Santhal child classmate carefully carrying out a task, like neatly filing books or designing a wooden model. Show only the speaking character, never show both speakers in the same frame.","Standing tall, head held high, chest slightly out, a bright and self-assured smile.","a young Santhal child classmate exhibiting self-reliance, readiness to learn, and pride in their capabilities."
lesson_sentences_conversations,Daily Conversations,cat_sentences_1778594024495,6,text,ᱟᱢ ᱛᱩᱢᱫᱟᱜ ᱨᱩ ᱮᱢ ᱵᱟᱰᱟᱭᱟ?,Am tumdag ru em badaya? – Do you know how to play the drum?,,,Confidence,Learning New Things,Learning,Build confidence,"Olitun laughing and running while balancing a spinning toy disk on a stick, feeling joyful. Show only the speaking character, never show both speakers in the same frame.","Standing tall, head held high, chest slightly out, a bright and self-assured smile.","Olitun exhibiting self-reliance, readiness to learn, and pride in their capabilities."
lesson_sentences_conversations,Daily Conversations,cat_sentences_1778594024495,7,text,ᱵᱟᱹᱧ ᱵᱟᱰᱟᱭᱟ,Banj badaya – I do not know,,,Gratitude,Helping Others,Confidence,Help someone,"a young Santhal child classmate stands tall in a schoolyard, holding a new notebook and smiling with pride. Show only the speaking character, never show both speakers in the same frame.","Slightly bowed head, hands held together or offering a token of appreciation, warm smile.",a young Santhal child classmate acknowledging and appreciating the kindness and efforts of others.
lesson_sentences_conversations,Daily Conversations,cat_sentences_1778594024495,8,text,ᱫᱟᱭᱟ ᱠᱟᱛᱮ ᱪᱮᱫ ᱟᱹᱧ ᱢᱮ,Daya kate chet anj me – Please teach me,,,Gratitude,Helping Others,Responsibility,Help someone,"Olitun proudly holds a hand-painted wooden sign, smiling warmly with confidence. Show only the speaking character, never show both speakers in the same frame.","Slightly bowed head, hands held together or offering a token of appreciation, warm smile.",Olitun acknowledging and appreciating the kindness and efforts of others.
lesson_sentences_conversations,Daily Conversations,cat_sentences_1778594024495,9,text,"ᱦᱮᱸ, ᱜᱟᱯᱟᱧ ᱪᱮᱫ ᱟᱢᱟ","Hẽ, gapanj chet ama – Yes, I will teach you tomorrow",,,Confidence,Learning New Things,Learning,Practice communication,"a young Santhal child classmate points to a chalkboard showing simple diagrams, looking encouragingly toward classmates. Show only the speaking character, never show both speakers in the same frame.","Standing tall, head held high, chest slightly out, a bright and self-assured smile.","a young Santhal child classmate exhibiting self-reliance, readiness to learn, and pride in their capabilities."
lesson_sentences_conversations,Daily Conversations,cat_sentences_1778594024495,10,text,ᱛᱮᱦᱮᱧ ᱫᱚ ᱟᱹᱰᱤ ᱨᱟᱹᱥᱠᱟᱹ ᱫᱤᱱ ᱠᱟᱱᱟ,Tehenj do adi raska din kana – Today is a very joyful day,,,Gratitude,Helping Others,Confidence,Build confidence,"Olitun works carefully on a drawing page spread out on a wooden table, focused and happy. Show only the speaking character, never show both speakers in the same frame.","Slightly bowed head, hands held together or offering a token of appreciation, warm smile.",Olitun acknowledging and appreciating the kindness and efforts of others.
lesson_sentences_conversations,Daily Conversations,cat_sentences_1778594024495,11,text,ᱟᱞᱮ ᱚᱲᱟᱜ ᱛᱮ ᱦᱤᱡᱩᱜ ᱢᱮ,Ale orag te hijug me – Come to our house,,,Responsibility,Building Confidence,Responsibility,Help someone,"a young Santhal child classmate stands tall in a schoolyard, holding a new notebook and smiling with pride. Show only the speaking character, never show both speakers in the same frame.","Focused and attentive expression, steady hands working carefully, steady stance.","a young Santhal child classmate taking charge of duties, caring for the environment or community."
lesson_sentences_conversations,Daily Conversations,cat_sentences_1778594024495,12,text,ᱤᱧ ᱫᱚ ᱜᱟᱯᱟ ᱱᱩ ᱦᱤᱡᱩᱜᱼᱟ,Inj do gapa nu hijuga – I will come tomorrow,,,Confidence,Learning New Things,Learning,Complete a task,"a young Santhal child classmate proudly holds a hand-painted wooden sign, smiling warmly with confidence. Show only the speaking character, never show both speakers in the same frame.","Standing tall, head held high, chest slightly out, a bright and self-assured smile.","a young Santhal child classmate exhibiting self-reliance, readiness to learn, and pride in their capabilities."
lesson_sentences_conversations,Daily Conversations,cat_sentences_1778594024495,13,text,ᱟᱢᱟᱜ ᱚᱞ ᱪᱤᱠᱤ ᱯᱩᱛᱷᱤ ᱮᱢᱟᱧ ᱢᱮ,Amaak Ol Chiki puthi emanj me – Give me your Ol Chiki book,,,Confidence,Helping Others,Learning,Build confidence,"a young Santhal child classmate excitedly discovering knowledge inside a large, open picture book that glows with colorful patterns. Show only the speaking character, never show both speakers in the same frame.","Standing tall, head held high, chest slightly out, a bright and self-assured smile.","a young Santhal child classmate exhibiting self-reliance, readiness to learn, and pride in their capabilities."
lesson_sentences_conversations,Daily Conversations,cat_sentences_1778594024495,14,text,ᱱᱚᱶᱟ ᱫᱚ ᱤᱧᱟᱜ ᱯᱩᱛᱷᱤ ᱠᱟᱱᱟ,Nowa do injaak puthi kana – This is my book,,,Confidence,Building Confidence,Learning,Build confidence,"Olitun excitedly discovering knowledge inside a large, open picture book that glows with colorful patterns. Show only the speaking character, never show both speakers in the same frame.","Standing tall, head held high, chest slightly out, a bright and self-assured smile.","Olitun exhibiting self-reliance, readiness to learn, and pride in their capabilities."
lesson_sentences_conversations,Daily Conversations,cat_sentences_1778594024495,15,text,ᱟᱢ ᱫᱚ ᱛᱤᱨᱭᱳ ᱚᱨᱚᱝ ᱮᱢ ᱠᱩᱥᱤᱭᱟᱜᱼᱟ?,Am do tiryo orong em kusiyaga? – Do you like blowing the flute?,,,Confidence,Learning New Things,Learning,Help someone,"Olitun stands tall in a schoolyard, holding a new notebook and smiling with pride. Show only the speaking character, never show both speakers in the same frame.","Standing tall, head held high, chest slightly out, a bright and self-assured smile.","Olitun exhibiting self-reliance, readiness to learn, and pride in their capabilities."
lesson_sentences_conversations,Daily Conversations,cat_sentences_1778594024495,16,text,"ᱦᱮᱸ, ᱛᱤᱨᱭᱳ ᱚᱨᱚᱝ ᱫᱚ ᱟᱹᱰᱤ ᱥᱤᱵᱤᱞ ᱜᱮᱭᱟ","Hẽ, tiryo orong do adi sibil geya – Yes, blowing the flute is very sweet",,,Gratitude,Helping Others,Confidence,Complete a task,"a young Santhal child classmate proudly holds a hand-painted wooden sign, smiling warmly with confidence. Show only the speaking character, never show both speakers in the same frame.","Slightly bowed head, hands held together or offering a token of appreciation, warm smile.",a young Santhal child classmate acknowledging and appreciating the kindness and efforts of others.
lesson_sentences_conversations,Daily Conversations,cat_sentences_1778594024495,17,text,ᱟᱢ ᱫᱚ ᱞᱟᱸᱫᱟᱭᱮᱫᱟᱢ ᱪᱮᱫᱟᱜ?,Am do landayedam cedag? – Why are you laughing?,,,Responsibility,Building Confidence,Responsibility,Practice communication,"Olitun points to a chalkboard showing simple diagrams, looking encouragingly toward classmates. Show only the speaking character, never show both speakers in the same frame.","Focused and attentive expression, steady hands working carefully, steady stance.","Olitun taking charge of duties, caring for the environment or community."
lesson_sentences_conversations,Daily Conversations,cat_sentences_1778594024495,18,text,ᱤᱧ ᱫᱚ ᱨᱟᱹᱥᱠᱟᱹ ᱮᱱᱟᱧ ᱚᱱᱟᱛᱮ,"Inj do raska enanj onate – I became happy, that's why",,,Confidence,Learning New Things,Learning,Build confidence,"Olitun works carefully on a drawing page spread out on a wooden table, focused and happy. Show only the speaking character, never show both speakers in the same frame.","Standing tall, head held high, chest slightly out, a bright and self-assured smile.","Olitun exhibiting self-reliance, readiness to learn, and pride in their capabilities."
lesson_sentences_conversations,Daily Conversations,cat_sentences_1778594024495,19,text,"ᱜᱟᱛᱮ, ᱜᱟᱯᱟ ᱵᱚᱱ ᱧᱟᱯᱟᱢᱟ","Gate, gapa bon njapama – Friend, we will meet tomorrow",,,Gratitude,Helping Others,Confidence,Help someone,"a young Santhal child classmate smiling warmly while pointing happily toward the learner, conveying friendship and belonging. Show only the speaking character, never show both speakers in the same frame.","Slightly bowed head, hands held together or offering a token of appreciation, warm smile.",a young Santhal child classmate acknowledging and appreciating the kindness and efforts of others.
lesson_sentences_polite,Greetings & Politeness,cat_sentences_1778594024495,0,text,ᱟᱢ ᱪᱮᱞᱮᱠᱟ ᱢᱮᱱᱟᱢᱟ?,"Am celeka menama? – Hello, how are you?",,,Friendship,Making New Friend,Communication,Make a new friend,"Olitun walks along a winding path in the beautiful green village, pointing with curiosity toward the horizon. Show only the speaking character, never show both speakers in the same frame.","Warm direct eye contact, relaxed shoulders, open arms in a welcoming gesture.","Olitun showing warmth, inclusion, and building a strong social bond."
lesson_sentences_polite,Greetings & Politeness,cat_sentences_1778594024495,1,text,ᱤᱧ ᱱᱟᱯᱟᱭ ᱜᱮ ᱢᱮᱱᱟᱧᱟ,In napay ge menanja – I am fine,,,Friendship,Exploring Village,Confidence,Learn something new,"a young Santhal child classmate sits peacefully under a large shady tree, looking out over the village with a happy smile. Show only the speaking character, never show both speakers in the same frame.","Warm direct eye contact, relaxed shoulders, open arms in a welcoming gesture.","a young Santhal child classmate showing warmth, inclusion, and building a strong social bond."
lesson_sentences_polite,Greetings & Politeness,cat_sentences_1778594024495,2,text,ᱥᱟᱹᱜᱩᱱ ᱥᱮᱛᱟᱜ,Sagun setag – Good morning,,,Kindness,Exploring Nature,Learning,Explore nature,"Olitun stands beside a traditional home, pointing happily at a colorful detail on the hand-painted wall. Show only the speaking character, never show both speakers in the same frame.","Gentle smile, soft eyes, hands offering help or gesturing politely with care.","Olitun putting empathy into action, helping classmates or respecting elders."
lesson_sentences_polite,Greetings & Politeness,cat_sentences_1778594024495,3,text,ᱥᱟᱹᱜᱩᱱ ᱧᱤᱫᱟᱹ,Sagun njida – Good night,,,Curiosity,Making New Friend,Communication,Make a new friend,"a young Santhal child classmate kneels in a patch of wild flowers, looking at the colorful petals with curiosity. Show only the speaking character, never show both speakers in the same frame.","Eyes wide with wonder, body leaning forward, pointing with an inquisitive finger.",a young Santhal child classmate demonstrating active observation and a love for finding out new things.
lesson_sentences_polite,Greetings & Politeness,cat_sentences_1778594024495,4,text,ᱤᱠᱟᱹ ᱠᱟᱹᱧ ᱢᱮ,Ika kanj me – Excuse me / Sorry,,,Friendship,Exploring Village,Confidence,Learn something new,"Olitun walks along a winding path in the beautiful green village, pointing with curiosity toward the horizon. Show only the speaking character, never show both speakers in the same frame.","Warm direct eye contact, relaxed shoulders, open arms in a welcoming gesture.","Olitun showing warmth, inclusion, and building a strong social bond."
lesson_sentences_polite,Greetings & Politeness,cat_sentences_1778594024495,5,text,ᱱᱟᱯᱟᱭ ᱛᱮ ᱛᱟᱦᱮᱸᱱ ᱢᱮ,Napay te tahen me – Take care,,,Kindness,Exploring Nature,Learning,Explore nature,"a young Santhal child classmate sits peacefully under a large shady tree, looking out over the village with a happy smile. Show only the speaking character, never show both speakers in the same frame.","Gentle smile, soft eyes, hands offering help or gesturing politely with care.","a young Santhal child classmate putting empathy into action, helping classmates or respecting elders."
lesson_sentences_polite,Greetings & Politeness,cat_sentences_1778594024495,6,text,ᱫᱟᱭᱟ ᱠᱟᱛᱮ ᱫᱩᱲᱩᱵ ᱢᱮ,Daya kate durub me – Please sit down,,,Curiosity,Making New Friend,Communication,Make a new friend,"Olitun stands beside a traditional home, pointing happily at a colorful detail on the hand-painted wall. Show only the speaking character, never show both speakers in the same frame.","Eyes wide with wonder, body leaning forward, pointing with an inquisitive finger.",Olitun demonstrating active observation and a love for finding out new things.
lesson_sentences_polite,Greetings & Politeness,cat_sentences_1778594024495,7,text,"ᱥᱟᱹᱜᱩᱱ ᱫᱟᱨᱟᱢ, ᱚᱲᱟᱜ ᱛᱮ ᱦᱤᱡᱩᱜ ᱢᱮ","Sagun daram, orag te hijug me – Welcome, come inside the house",,,Friendship,Making New Friend,Communication,Make a new friend,"a young Santhal child classmate kneels in a patch of wild flowers, looking at the colorful petals with curiosity. Show only the speaking character, never show both speakers in the same frame.","Warm direct eye contact, relaxed shoulders, open arms in a welcoming gesture.","a young Santhal child classmate showing warmth, inclusion, and building a strong social bond."
lesson_sentences_polite,Greetings & Politeness,cat_sentences_1778594024495,8,text,ᱟᱢ ᱧᱟᱯᱟᱢ ᱠᱟᱛᱮ ᱟᱹᱰᱤᱧ ᱨᱟᱹᱥᱠᱟᱹ ᱮᱱᱟ,Am njapam kate adinj raska ena – I am very happy to meet you,,,Kindness,Exploring Nature,Learning,Explore nature,"a young Santhal child classmate walks along a winding path in the beautiful green village, pointing with curiosity toward the horizon. Show only the speaking character, never show both speakers in the same frame.","Gentle smile, soft eyes, hands offering help or gesturing politely with care.","a young Santhal child classmate putting empathy into action, helping classmates or respecting elders."
lesson_sentences_polite,Greetings & Politeness,cat_sentences_1778594024495,9,text,ᱟᱹᱰᱤ ᱟᱹᱰᱤ ᱥᱟᱨᱦᱟᱣ,Adi adi sarhaw – Thank you very much,,,Curiosity,Making New Friend,Communication,Make a new friend,"a young Santhal child classmate sits peacefully under a large shady tree, looking out over the village with a happy smile. Show only the speaking character, never show both speakers in the same frame.","Eyes wide with wonder, body leaning forward, pointing with an inquisitive finger.",a young Santhal child classmate demonstrating active observation and a love for finding out new things.
lesson_sentences_polite,Greetings & Politeness,cat_sentences_1778594024495,10,text,"ᱟᱞᱚᱢ ᱵᱷᱟᱵᱽᱱᱟᱜᱼᱟ, ᱥᱟᱱᱟᱢ ᱱᱟᱯᱟᱭ ᱦᱩᱭᱩᱜᱼᱟ","Alom bhabnaga, sanam napay huyuga – Don't worry, everything will be fine",,,Friendship,Exploring Village,Confidence,Learn something new,"Olitun stands beside a traditional home, pointing happily at a colorful detail on the hand-painted wall. Show only the speaking character, never show both speakers in the same frame.","Warm direct eye contact, relaxed shoulders, open arms in a welcoming gesture.","Olitun showing warmth, inclusion, and building a strong social bond."
lesson_sentences_polite,Greetings & Politeness,cat_sentences_1778594024495,11,text,ᱫᱟᱭᱟ ᱠᱟᱛᱮ ᱱᱚᱶᱟ ᱠᱟᱹᱢᱤ ᱟᱹᱧ ᱢᱮ,Daya kate nowa kami anj me – Please help me with this work,,,Kindness,Exploring Nature,Learning,Explore nature,"a young Santhal child classmate carefully carrying out a task, like neatly filing books or designing a wooden model. Show only the speaking character, never show both speakers in the same frame.","Gentle smile, soft eyes, hands offering help or gesturing politely with care.","a young Santhal child classmate putting empathy into action, helping classmates or respecting elders."
lesson_sentences_polite,Greetings & Politeness,cat_sentences_1778594024495,12,text,ᱟᱢᱟᱜ ᱟᱹᱥᱤᱥ ᱫᱚᱦᱚᱭ ᱢᱮ,Amaak asis dohoy me – Keep your blessings,,,Curiosity,Making New Friend,Communication,Make a new friend,"Olitun playing a traditional hand-drum (tumdak) with an energetic, rhythmic posture and a wide smile. Show only the speaking character, never show both speakers in the same frame.","Eyes wide with wonder, body leaning forward, pointing with an inquisitive finger.",Olitun demonstrating active observation and a love for finding out new things.
lesson_sentences_polite,Greetings & Politeness,cat_sentences_1778594024495,13,text,ᱤᱧ ᱫᱚ ᱟᱢ ᱥᱟᱨᱦᱟᱣ ᱮᱫ ᱢᱮᱭᱟᱧ,Inj do am sarhaw ed meyaj – I appreciate you,,,Friendship,Exploring Village,Confidence,Learn something new,"a young Santhal child classmate sits peacefully under a large shady tree, looking out over the village with a happy smile. Show only the speaking character, never show both speakers in the same frame.","Warm direct eye contact, relaxed shoulders, open arms in a welcoming gesture.","a young Santhal child classmate showing warmth, inclusion, and building a strong social bond."
lesson_sentences_polite,Greetings & Politeness,cat_sentences_1778594024495,14,text,ᱫᱟᱭᱟ ᱠᱟᱛᱮ ᱨᱚᱲ ᱢᱮ,Daya kate ror me – Please speak,,,Kindness,Exploring Nature,Learning,Explore nature,"Olitun stands beside a traditional home, pointing happily at a colorful detail on the hand-painted wall. Show only the speaking character, never show both speakers in the same frame.","Gentle smile, soft eyes, hands offering help or gesturing politely with care.","Olitun putting empathy into action, helping classmates or respecting elders."
lesson_sentences_polite,Greetings & Politeness,cat_sentences_1778594024495,15,text,ᱱᱟᱯᱟᱭ ᱛᱮ ᱥᱮᱱᱚᱜ ᱢᱮ,Napay te senog me – Go safely,,,Curiosity,Making New Friend,Communication,Make a new friend,"a young Santhal child classmate kneels in a patch of wild flowers, looking at the colorful petals with curiosity. Show only the speaking character, never show both speakers in the same frame.","Eyes wide with wonder, body leaning forward, pointing with an inquisitive finger.",a young Santhal child classmate demonstrating active observation and a love for finding out new things.
lesson_sentences_polite,Greetings & Politeness,cat_sentences_1778594024495,16,text,ᱢᱟᱨᱟᱝ ᱦᱚᱲ ᱠᱚ ᱢᱟᱱ ᱮᱢᱟ ᱠᱚ ᱢᱮ,Marang hor ko man ema ko me – Give respect to the elders,,,Friendship,Exploring Village,Confidence,Learn something new,"Olitun walks along a winding path in the beautiful green village, pointing with curiosity toward the horizon. Show only the speaking character, never show both speakers in the same frame.","Warm direct eye contact, relaxed shoulders, open arms in a welcoming gesture.","Olitun showing warmth, inclusion, and building a strong social bond."
lesson_sentences_polite,Greetings & Politeness,cat_sentences_1778594024495,17,text,ᱥᱤᱵᱤᱞ ᱨᱚᱲ ᱛᱮ ᱜᱟᱞᱢᱟᱨᱟᱣ ᱢᱮ,Sibil ror te galmaraw me – Speak with gentle/sweet words,,,Kindness,Exploring Nature,Learning,Explore nature,"a young Santhal child classmate sits peacefully under a large shady tree, looking out over the village with a happy smile. Show only the speaking character, never show both speakers in the same frame.","Gentle smile, soft eyes, hands offering help or gesturing politely with care.","a young Santhal child classmate putting empathy into action, helping classmates or respecting elders."
lesson_sentences_polite,Greetings & Politeness,cat_sentences_1778594024495,18,text,ᱤᱧᱟᱜ ᱡᱚᱦᱟᱨ ᱦᱟᱛᱟᱣ ᱢᱮ,Injaak johar hataw me – Accept my greetings,,,Friendship,Making New Friend,Communication,Make a new friend,"Olitun stands beside a traditional home, pointing happily at a colorful detail on the hand-painted wall. Show only the speaking character, never show both speakers in the same frame.","Warm direct eye contact, relaxed shoulders, open arms in a welcoming gesture.","Olitun showing warmth, inclusion, and building a strong social bond."
lesson_sentences_polite,Greetings & Politeness,cat_sentences_1778594024495,19,text,"ᱥᱟᱹᱜᱩᱱ ᱟᱹᱭᱩᱵ, ᱜᱟᱛᱮ ᱠᱚ","Sagun ayub, gate ko – Good evening, friends",,,Friendship,Exploring Village,Confidence,Learn something new,"a young Santhal child classmate smiling warmly while pointing happily toward the learner, conveying friendship and belonging. Show only the speaking character, never show both speakers in the same frame.","Warm direct eye contact, relaxed shoulders, open arms in a welcoming gesture.","a young Santhal child classmate showing warmth, inclusion, and building a strong social bond."
lesson_sentences_time_weather,Time & Weather,cat_sentences_1778594024495,0,text,ᱛᱮᱦᱮᱧ ᱫᱚ ᱟᱹᱰᱤ ᱱᱟᱯᱟᱭ ᱫᱤᱱ ᱠᱟᱱᱟ,Tehenj do adi napay din kana – Today is a beautiful day,,,Confidence,Learning New Things,Learning,Complete a task,"Olitun proudly holds a hand-painted wooden sign, smiling warmly with confidence. Show only the speaking character, never show both speakers in the same frame.","Standing tall, head held high, chest slightly out, a bright and self-assured smile.","Olitun exhibiting self-reliance, readiness to learn, and pride in their capabilities."
lesson_sentences_time_weather,Time & Weather,cat_sentences_1778594024495,1,text,ᱱᱚᱶᱟ ᱫᱚ ᱛᱤᱱᱟᱹᱜ ᱫᱟᱢ ᱠᱟᱱᱟ?,Nowa do tinag dam kana? – How much is this?,,,Gratitude,Helping Others,Confidence,Practice communication,"Olitun points to a chalkboard showing simple diagrams, looking encouragingly toward classmates. Show only the speaking character, never show both speakers in the same frame.","Slightly bowed head, hands held together or offering a token of appreciation, warm smile.",Olitun acknowledging and appreciating the kindness and efforts of others.
lesson_sentences_time_weather,Time & Weather,cat_sentences_1778594024495,2,text,ᱫᱟᱜ ᱮ ᱡᱟᱹᱲᱤᱭᱮᱫᱟ,Dag e jariyeda – It is raining,,,Responsibility,Building Confidence,Responsibility,Build confidence,"Olitun standing under a shelter, watching fresh raindrops fall on green leaves, smiling with curiosity. Show only the speaking character, never show both speakers in the same frame.","Focused and attentive expression, steady hands working carefully, steady stance.","Olitun taking charge of duties, caring for the environment or community."
lesson_sentences_time_weather,Time & Weather,cat_sentences_1778594024495,3,text,ᱛᱮᱦᱮᱧ ᱫᱚ ᱟᱹᱰᱤ ᱥᱤᱛᱩᱝ ᱠᱟᱱᱟ,Tehenj do adi situng kana – It is very hot today,,,Confidence,Learning New Things,Learning,Help someone,"a young Santhal child classmate stands tall in a schoolyard, holding a new notebook and smiling with pride. Show only the speaking character, never show both speakers in the same frame.","Standing tall, head held high, chest slightly out, a bright and self-assured smile.","a young Santhal child classmate exhibiting self-reliance, readiness to learn, and pride in their capabilities."
lesson_sentences_time_weather,Time & Weather,cat_sentences_1778594024495,4,text,ᱛᱤᱱᱟᱹᱜ ᱵᱟᱡᱟᱣ ᱮᱱᱟ?,Tinag bajaw ena? – What time is it?,,,Gratitude,Helping Others,Confidence,Complete a task,"Olitun proudly holds a hand-painted wooden sign, smiling warmly with confidence. Show only the speaking character, never show both speakers in the same frame.","Slightly bowed head, hands held together or offering a token of appreciation, warm smile.",Olitun acknowledging and appreciating the kindness and efforts of others.
lesson_sentences_time_weather,Time & Weather,cat_sentences_1778594024495,5,text,ᱱᱤᱛᱚᱜ ᱫᱚ ᱥᱮᱛᱟᱜ ᱟᱠᱟᱱᱟ,Nitog do setag akana – Now it is morning,,,Responsibility,Building Confidence,Responsibility,Practice communication,"a young Santhal child classmate points to a chalkboard showing simple diagrams, looking encouragingly toward classmates. Show only the speaking character, never show both speakers in the same frame.","Focused and attentive expression, steady hands working carefully, steady stance.","a young Santhal child classmate taking charge of duties, caring for the environment or community."
lesson_sentences_time_weather,Time & Weather,cat_sentences_1778594024495,6,text,ᱜᱟᱯᱟ ᱫᱚ ᱨᱟᱵᱟᱝ ᱨᱤᱛᱩ ᱮᱦᱚᱵᱚᱜᱼᱟ,Gapa do rabang ritu ehoboga – Tomorrow winter season starts,,,Confidence,Learning New Things,Learning,Build confidence,"Olitun lying on a straw mat under a clear night sky, pointing at a shooting star in wonder. Show only the speaking character, never show both speakers in the same frame.","Standing tall, head held high, chest slightly out, a bright and self-assured smile.","Olitun exhibiting self-reliance, readiness to learn, and pride in their capabilities."
lesson_sentences_time_weather,Time & Weather,cat_sentences_1778594024495,7,text,ᱛᱮᱦᱮᱧ ᱧᱤᱫᱟᱹ ᱫᱚ ᱟᱹᱰᱤ ᱨᱟᱵᱟᱝ ᱠᱟᱱᱟ,Tehenj njida do adi rabang kana – Tonight it is very cold,,,Gratitude,Helping Others,Confidence,Help someone,"a young Santhal child classmate stands tall in a schoolyard, holding a new notebook and smiling with pride. Show only the speaking character, never show both speakers in the same frame.","Slightly bowed head, hands held together or offering a token of appreciation, warm smile.",a young Santhal child classmate acknowledging and appreciating the kindness and efforts of others.
lesson_sentences_time_weather,Time & Weather,cat_sentences_1778594024495,8,text,ᱥᱤᱨᱢᱟ ᱨᱮ ᱨᱤᱢᱤᱞ ᱢᱮᱱᱟᱜᱼᱟ,Sirma re rimil menaga – There are clouds in the sky,,,Responsibility,Building Confidence,Responsibility,Complete a task,"Olitun proudly holds a hand-painted wooden sign, smiling warmly with confidence. Show only the speaking character, never show both speakers in the same frame.","Focused and attentive expression, steady hands working carefully, steady stance.","Olitun taking charge of duties, caring for the environment or community."
lesson_sentences_time_weather,Time & Weather,cat_sentences_1778594024495,9,text,ᱦᱚᱭ ᱟᱹᱰᱤ ᱡᱩᱨ ᱛᱮ ᱦᱤᱥᱤᱫ ᱠᱟᱱᱟ,Hoy adi jur te hisid kana – The wind is blowing very hard,,,Confidence,Learning New Things,Learning,Practice communication,"a young Santhal child classmate points to a chalkboard showing simple diagrams, looking encouragingly toward classmates. Show only the speaking character, never show both speakers in the same frame.","Standing tall, head held high, chest slightly out, a bright and self-assured smile.","a young Santhal child classmate exhibiting self-reliance, readiness to learn, and pride in their capabilities."
lesson_sentences_time_weather,Time & Weather,cat_sentences_1778594024495,10,text,ᱛᱮᱦᱮᱧ ᱫᱚ ᱚᱠᱟ ᱢᱟᱦᱟ ᱠᱟᱱᱟ?,Tehenj do oka maha kana? – What day is today?,,,Gratitude,Helping Others,Confidence,Build confidence,"Olitun works carefully on a drawing page spread out on a wooden table, focused and happy. Show only the speaking character, never show both speakers in the same frame.","Slightly bowed head, hands held together or offering a token of appreciation, warm smile.",Olitun acknowledging and appreciating the kindness and efforts of others.
lesson_sentences_time_weather,Time & Weather,cat_sentences_1778594024495,11,text,ᱛᱮᱦᱮᱧ ᱫᱚ ᱥᱟᱹᱜᱩᱱ ᱢᱟᱦᱟ ᱠᱟᱱᱟ,Tehenj do Sagun maha kana – Today is Wednesday,,,Responsibility,Building Confidence,Responsibility,Help someone,"a young Santhal child classmate stands tall in a schoolyard, holding a new notebook and smiling with pride. Show only the speaking character, never show both speakers in the same frame.","Focused and attentive expression, steady hands working carefully, steady stance.","a young Santhal child classmate taking charge of duties, caring for the environment or community."
lesson_sentences_time_weather,Time & Weather,cat_sentences_1778594024495,12,text,ᱪᱟᱸᱫᱚ ᱟᱹᱰᱤ ᱥᱟᱯᱷᱟ ᱜᱮᱭᱟ,Chando adi sapha geya – The moon is very clear,,,Confidence,Learning New Things,Learning,Complete a task,"Olitun points up at the bright silver crescent moon in the night sky, eyes filled with wonder. Show only the speaking character, never show both speakers in the same frame.","Standing tall, head held high, chest slightly out, a bright and self-assured smile.","Olitun exhibiting self-reliance, readiness to learn, and pride in their capabilities."
lesson_sentences_time_weather,Time & Weather,cat_sentences_1778594024495,13,text,ᱥᱤᱛᱩᱝ ᱨᱤᱛᱩ ᱨᱮ ᱫᱟᱜ ᱛᱮᱛᱟᱝ ᱮᱫ ᱤᱧᱟ,"Situng ritu re dag tetang ed inja – In the summer season, I feel thirsty",,,Gratitude,Helping Others,Confidence,Practice communication,"a young Santhal child classmate points to a chalkboard showing simple diagrams, looking encouragingly toward classmates. Show only the speaking character, never show both speakers in the same frame.","Slightly bowed head, hands held together or offering a token of appreciation, warm smile.",a young Santhal child classmate acknowledging and appreciating the kindness and efforts of others.
lesson_sentences_time_weather,Time & Weather,cat_sentences_1778594024495,14,text,ᱫᱟᱜ ᱨᱤᱛᱩ ᱨᱮ ᱫᱟᱨᱮ ᱠᱚ ᱦᱟᱹᱨᱭᱟᱹᱲᱚᱜᱼᱟ,"Dag ritu re dare ko haryaroga – In the rainy season, the trees turn green",,,Responsibility,Building Confidence,Responsibility,Build confidence,"Olitun stands in a lush green rice field, looking around with arms spread wide, feeling connected to the earth. Show only the speaking character, never show both speakers in the same frame.","Focused and attentive expression, steady hands working carefully, steady stance.","Olitun taking charge of duties, caring for the environment or community."
lesson_sentences_time_weather,Time & Weather,cat_sentences_1778594024495,15,text,ᱦᱚᱞᱟ ᱫᱚ ᱟᱹᱰᱤ ᱡᱩᱨ ᱮ ᱫᱟᱜ ᱠᱮᱫᱟ,Hola do adi jur e dag keda – Yesterday it rained heavily,,,Confidence,Learning New Things,Learning,Help someone,"a young Santhal child classmate standing under a shelter, watching fresh raindrops fall on green leaves, smiling with curiosity. Show only the speaking character, never show both speakers in the same frame.","Standing tall, head held high, chest slightly out, a bright and self-assured smile.","a young Santhal child classmate exhibiting self-reliance, readiness to learn, and pride in their capabilities."
lesson_sentences_time_weather,Time & Weather,cat_sentences_1778594024495,16,text,ᱱᱚᱶᱟ ᱥᱮᱨᱢᱟ ᱫᱚ ᱟᱹᱰᱤ ᱱᱟᱯᱟᱭ ᱜᱮᱭᱟ,Nowa serma do adi napay geya – This year is very good,,,Gratitude,Helping Others,Confidence,Complete a task,"Olitun proudly holds a hand-painted wooden sign, smiling warmly with confidence. Show only the speaking character, never show both speakers in the same frame.","Slightly bowed head, hands held together or offering a token of appreciation, warm smile.",Olitun acknowledging and appreciating the kindness and efforts of others.
lesson_sentences_time_weather,Time & Weather,cat_sentences_1778594024495,17,text,ᱛᱮᱦᱮᱧ ᱫᱚ ᱴᱤᱠᱤᱱ ᱚᱠᱛᱚ ᱠᱟᱱᱟ,Tehenj do tikin okto kana – Today it is noon time,,,Responsibility,Building Confidence,Responsibility,Practice communication,"a young Santhal child classmate points to a chalkboard showing simple diagrams, looking encouragingly toward classmates. Show only the speaking character, never show both speakers in the same frame.","Focused and attentive expression, steady hands working carefully, steady stance.","a young Santhal child classmate taking charge of duties, caring for the environment or community."
lesson_sentences_time_weather,Time & Weather,cat_sentences_1778594024495,18,text,ᱟᱹᱭᱩᱵ ᱚᱠᱛᱚ ᱨᱮ ᱜᱟᱛᱮ ᱠᱚ ᱥᱟᱶ ᱧᱟᱯᱟᱢ ᱢᱮ,Ayub okto re gate ko saw njapam me – Meet with friends in the evening time,,,Confidence,Learning New Things,Learning,Build confidence,"Olitun smiling warmly while pointing happily toward the learner, conveying friendship and belonging. Show only the speaking character, never show both speakers in the same frame.","Standing tall, head held high, chest slightly out, a bright and self-assured smile.","Olitun exhibiting self-reliance, readiness to learn, and pride in their capabilities."
lesson_sentences_time_weather,Time & Weather,cat_sentences_1778594024495,19,text,ᱚᱠᱛᱚ ᱫᱚ ᱟᱹᱰᱤ ᱫᱟᱢᱟᱱ ᱜᱮᱭᱟ,Okto do adi daman geya – Time is very precious,,,Gratitude,Helping Others,Confidence,Help someone,"a young Santhal child classmate stands tall in a schoolyard, holding a new notebook and smiling with pride. Show only the speaking character, never show both speakers in the same frame.","Slightly bowed head, hands held together or offering a token of appreciation, warm smile.",a young Santhal child classmate acknowledging and appreciating the kindness and efforts of others.
lesson_sentences_complex_beginner,Simple Dialogues & Routines,cat_sentences_1778594024495,0,text,"ᱥᱟᱹᱜᱩᱱ ᱥᱮᱛᱟᱜ ᱵᱟᱵᱟ, ᱟᱢ ᱪᱮᱞᱮᱠᱟ ᱢᱮᱱᱟᱢᱟ?","Sagun setag baba, am celeka menama? – Good morning father, how are you?",,,Confidence,Learning New Things,Learning,Complete a task,"A kind, tall Santhal father and Olitun standing side-by-side, sharing a warm moment as they look over a project. Show only the speaking character, never show both speakers in the same frame.","Standing tall, head held high, chest slightly out, a bright and self-assured smile.","Olitun exhibiting self-reliance, readiness to learn, and pride in their capabilities."
lesson_sentences_complex_beginner,Simple Dialogues & Routines,cat_sentences_1778594024495,1,text,"ᱤᱧ ᱫᱚ ᱱᱟᱯᱟᱭ ᱜᱮ ᱢᱮᱱᱟᱧᱟ, ᱟᱢ ᱪᱮᱫ ᱮᱢ ᱪᱤᱠᱟᱹᱭᱮᱫᱟ?","In do napay ge menanja, am ced em cikayeda? – I am doing well, what are you doing?",,,Gratitude,Helping Others,Confidence,Practice communication,"Olitun points to a chalkboard showing simple diagrams, looking encouragingly toward classmates. Show only the speaking character, never show both speakers in the same frame.","Slightly bowed head, hands held together or offering a token of appreciation, warm smile.",Olitun acknowledging and appreciating the kindness and efforts of others.
lesson_sentences_complex_beginner,Simple Dialogues & Routines,cat_sentences_1778594024495,2,text,ᱤᱧ ᱫᱚ ᱚᱞ ᱪᱤᱠᱤ ᱯᱟᱹᱨᱥᱤᱧ ᱪᱮᱫᱚᱜ ᱠᱟᱱᱟ,In do Ol Chiki parsin chedog kana – I am learning the Ol Chiki language.,,,Responsibility,Building Confidence,Responsibility,Build confidence,"a young Santhal child classmate works carefully on a drawing page spread out on a wooden table, focused and happy. Show only the speaking character, never show both speakers in the same frame.","Focused and attentive expression, steady hands working carefully, steady stance.","a young Santhal child classmate taking charge of duties, caring for the environment or community."
lesson_sentences_complex_beginner,Simple Dialogues & Routines,cat_sentences_1778594024495,3,text,"ᱱᱚᱶᱟ ᱫᱚ ᱟᱹᱰᱤ ᱱᱟᱯᱟᱭ ᱠᱟᱛᱷᱟ ᱠᱟᱱᱟ, ᱥᱟᱨᱦᱟᱣ","Nowa do adi napay katha kana, sarhaw – This is very good news, thank you!",,,Confidence,Learning New Things,Learning,Help someone,"a young Santhal child classmate stands tall in a schoolyard, holding a new notebook and smiling with pride. Show only the speaking character, never show both speakers in the same frame.","Standing tall, head held high, chest slightly out, a bright and self-assured smile.","a young Santhal child classmate exhibiting self-reliance, readiness to learn, and pride in their capabilities."
lesson_sentences_complex_beginner,Simple Dialogues & Routines,cat_sentences_1778594024495,4,text,ᱟᱢᱟᱜ ᱚᱲᱟᱜ ᱫᱚ ᱚᱠᱟ ᱟᱹᱛᱩ ᱨᱮ ᱢᱮᱱᱟᱜᱼᱟ?,Amaak orag do oka atu re menaga? – In which village is your home located?,,,Gratitude,Helping Others,Confidence,Complete a task,"Olitun proudly holds a hand-painted wooden sign, smiling warmly with confidence. Show only the speaking character, never show both speakers in the same frame.","Slightly bowed head, hands held together or offering a token of appreciation, warm smile.",Olitun acknowledging and appreciating the kindness and efforts of others.
lesson_sentences_complex_beginner,Simple Dialogues & Routines,cat_sentences_1778594024495,5,text,ᱤᱧᱟᱜ ᱚᱲᱟᱜ ᱫᱚ ᱟᱹᱰᱤ ᱱᱟᱯᱟᱭ ᱟᱹᱛᱩ ᱨᱮ ᱢᱮᱱᱟᱜᱼᱟ,Injaak orag do adi napay atu re menaga – My home is in a very beautiful village.,,,Responsibility,Building Confidence,Responsibility,Practice communication,"a young Santhal child classmate points to a chalkboard showing simple diagrams, looking encouragingly toward classmates. Show only the speaking character, never show both speakers in the same frame.","Focused and attentive expression, steady hands working carefully, steady stance.","a young Santhal child classmate taking charge of duties, caring for the environment or community."
lesson_sentences_complex_beginner,Simple Dialogues & Routines,cat_sentences_1778594024495,6,text,"ᱛᱮᱦᱮᱧ ᱫᱚ ᱟᱞᱚᱢ ᱠᱟᱹᱢᱤᱭᱟ, ᱡᱤᱨᱟᱹᱣ ᱢᱮ","Tehenj do alom kamiya, jiraw me – Do not work today, take rest.",,,Confidence,Learning New Things,Learning,Build confidence,"Olitun carefully carrying out a task, like neatly filing books or designing a wooden model. Show only the speaking character, never show both speakers in the same frame.","Standing tall, head held high, chest slightly out, a bright and self-assured smile.","Olitun exhibiting self-reliance, readiness to learn, and pride in their capabilities."
lesson_sentences_complex_beginner,Simple Dialogues & Routines,cat_sentences_1778594024495,7,text,"ᱫᱟᱭᱟ ᱠᱟᱛᱮ ᱱᱚᱸᱰᱮ ᱦᱤᱡᱩᱜ ᱢᱮ, ᱫᱟᱠᱟ ᱡᱚᱢ ᱢᱮ","Daya kate nonde hijug me, daka jom me – Please come here and eat food.",,,Gratitude,Helping Others,Responsibility,Help someone,"a young Santhal child classmate stands tall in a schoolyard, holding a new notebook and smiling with pride. Show only the speaking character, never show both speakers in the same frame.","Slightly bowed head, hands held together or offering a token of appreciation, warm smile.",a young Santhal child classmate acknowledging and appreciating the kindness and efforts of others.
lesson_sentences_complex_beginner,Simple Dialogues & Routines,cat_sentences_1778594024495,8,text,"ᱤᱧ ᱫᱚ ᱫᱟᱜ ᱧᱩ ᱥᱟᱱᱟᱧ ᱠᱟᱱᱟ, ᱫᱟᱜ ᱮᱢᱟᱧ ᱢᱮ","In do dag nju sananj kana, dag emanj me – I want to drink water, please give me water.",,,Gratitude,Helping Others,Responsibility,Help someone,"a young Santhal child classmate drinking cool, clean water from a traditional clay pot, looking refreshed and happy. Show only the speaking character, never show both speakers in the same frame.","Slightly bowed head, hands held together or offering a token of appreciation, warm smile.",a young Santhal child classmate acknowledging and appreciating the kindness and efforts of others.
lesson_sentences_complex_beginner,Simple Dialogues & Routines,cat_sentences_1778594024495,9,text,ᱟᱹᱛᱩ ᱨᱮᱭᱟᱜ ᱦᱚᱨ ᱫᱚ ᱟᱹᱰᱤ ᱡᱤᱞᱤᱧ ᱜᱮᱭᱟ,Atu reyag hor do adi jilinj geya – The village road is very long.,,,Confidence,Learning New Things,Learning,Practice communication,"a young Santhal child classmate points to a chalkboard showing simple diagrams, looking encouragingly toward classmates. Show only the speaking character, never show both speakers in the same frame.","Standing tall, head held high, chest slightly out, a bright and self-assured smile.","a young Santhal child classmate exhibiting self-reliance, readiness to learn, and pride in their capabilities."
lesson_sentences_complex_beginner,Simple Dialogues & Routines,cat_sentences_1778594024495,10,text,ᱟᱢᱟᱜ ᱟᱭᱳ ᱟᱨ ᱵᱟᱵᱟ ᱫᱚ ᱚᱠᱟᱨᱮ ᱢᱮᱱᱟᱜ ᱠᱤᱱᱟ?,Amaak ayo ar baba do okare menag kina? – Where are your mother and father?,,,Gratitude,Helping Others,Confidence,Build confidence,"A kind, tall Santhal father and Olitun standing side-by-side, sharing a warm moment as they look over a project. Show only the speaking character, never show both speakers in the same frame.","Slightly bowed head, hands held together or offering a token of appreciation, warm smile.",Olitun acknowledging and appreciating the kindness and efforts of others.
lesson_sentences_complex_beginner,Simple Dialogues & Routines,cat_sentences_1778594024495,11,text,ᱩᱱᱠᱤᱱ ᱫᱚ ᱚᱲᱟᱜ ᱨᱮ ᱜᱮ ᱢᱮᱱᱟᱜ ᱠᱤᱱᱟ,Unkin do orag re ge menag kina – They are right at home.,,,Responsibility,Building Confidence,Responsibility,Help someone,"a young Santhal child classmate pointing toward a balanced, hand-carved wooden scale, indicating fairness and justice. Show only the speaking character, never show both speakers in the same frame.","Focused and attentive expression, steady hands working carefully, steady stance.","a young Santhal child classmate taking charge of duties, caring for the environment or community."
lesson_sentences_complex_beginner,Simple Dialogues & Routines,cat_sentences_1778594024495,12,text,ᱤᱧᱟᱜ ᱢᱤᱥᱮᱨᱟ ᱫᱚ ᱤᱛᱩᱱ ᱟᱥᱲᱟ ᱛᱮ ᱪᱟᱞᱟᱜ ᱠᱟᱱᱟ,Injaak misera do itun asra te chalag kana – My younger sister is going to school.,,,Confidence,Learning New Things,Learning,Build confidence,"a young Santhal child classmate sitting beside a younger sister, helping her write a word on a clean sand board with pride. Show only the speaking character, never show both speakers in the same frame.","Standing tall, head held high, chest slightly out, a bright and self-assured smile.","a young Santhal child classmate exhibiting self-reliance, readiness to learn, and pride in their capabilities."
lesson_sentences_complex_beginner,Simple Dialogues & Routines,cat_sentences_1778594024495,13,text,"ᱛᱮᱦᱮᱧ ᱫᱚ ᱥᱤᱸᱜᱮ ᱢᱟᱦᱟ ᱠᱟᱱᱟ, ᱪᱷᱩᱴᱤ ᱢᱟᱦᱟ ᱠᱟᱱᱟ","Tehenj do Singe maha kana, chuti maha kana – Today is Sunday, it is a holiday.",,,Gratitude,Helping Others,Confidence,Practice communication,"a young Santhal child classmate looking up at the warm morning sun rising over the hills, eyes filled with hope. Show only the speaking character, never show both speakers in the same frame.","Slightly bowed head, hands held together or offering a token of appreciation, warm smile.",a young Santhal child classmate acknowledging and appreciating the kindness and efforts of others.
lesson_sentences_complex_beginner,Simple Dialogues & Routines,cat_sentences_1778594024495,14,text,ᱟᱹᱵᱤᱱ ᱫᱚ ᱚᱠᱟ ᱠᱷᱚᱱ ᱵᱤᱱ ᱦᱤᱡᱩᱜ ᱠᱟᱱᱟ?,Abin do oka khon bin hijug kana? – Where are you two coming from?,,,Responsibility,Building Confidence,Responsibility,Build confidence,"Olitun works carefully on a drawing page spread out on a wooden table, focused and happy. Show only the speaking character, never show both speakers in the same frame.","Focused and attentive expression, steady hands working carefully, steady stance.","Olitun taking charge of duties, caring for the environment or community."
lesson_sentences_complex_beginner,Simple Dialogues & Routines,cat_sentences_1778594024495,15,text,"ᱤᱧ ᱫᱚ ᱵᱤᱨ ᱛᱮᱧ ᱪᱟᱞᱟᱜ ᱠᱟᱱᱟ, ᱥᱟᱦᱟᱱ ᱞᱟᱹᱜᱤᱫ","In do bir tenj chalag kana, sahan lagid – I am going to the forest for firewood.",,,Confidence,Learning New Things,Learning,Help someone,"a young Santhal child classmate looking at a crackling orange campfire, warm light reflecting on a happy, peaceful face. Show only the speaking character, never show both speakers in the same frame.","Standing tall, head held high, chest slightly out, a bright and self-assured smile.","a young Santhal child classmate exhibiting self-reliance, readiness to learn, and pride in their capabilities."
lesson_sentences_complex_beginner,Simple Dialogues & Routines,cat_sentences_1778594024495,16,text,ᱟᱢᱟᱜ ᱟᱹᱛᱩ ᱨᱮ ᱫᱚ ᱡᱷᱟᱹᱞᱤ ᱫᱟᱜ ᱨᱮᱭᱟᱜ ᱡᱷᱟᱨᱱᱟ ᱢᱮᱱᱟᱜᱼᱟ?,Amaak atu re do jhale dag reyag jharna menaga? – Is there a clean waterfall in your village?,,,Gratitude,Helping Others,Confidence,Complete a task,"Olitun drinking cool, clean water from a traditional clay pot, looking refreshed and happy. Show only the speaking character, never show both speakers in the same frame.","Slightly bowed head, hands held together or offering a token of appreciation, warm smile.",Olitun acknowledging and appreciating the kindness and efforts of others.
lesson_sentences_complex_beginner,Simple Dialogues & Routines,cat_sentences_1778594024495,17,text,"ᱦᱮᱸ, ᱟᱞᱮ ᱟᱹᱛᱩ ᱨᱮ ᱟᱹᱰᱤ ᱥᱤᱵᱤᱞ ᱫᱟᱜ ᱡᱷᱟᱨᱱᱟ ᱢᱮᱱᱟᱜᱼᱟ","Hẽ, ale atu re adi sibil dag jharna menaga – Yes, there is a very sweet water spring in our village.",,,Responsibility,Building Confidence,Responsibility,Practice communication,"a young Santhal child classmate drinking cool, clean water from a traditional clay pot, looking refreshed and happy. Show only the speaking character, never show both speakers in the same frame.","Focused and attentive expression, steady hands working carefully, steady stance.","a young Santhal child classmate taking charge of duties, caring for the environment or community."
lesson_sentences_complex_beginner,Simple Dialogues & Routines,cat_sentences_1778594024495,18,text,ᱤᱧᱟᱜ ᱫᱚ ᱫᱟᱠᱟ ᱟᱨ ᱩᱛᱩ ᱡᱚᱢ ᱠᱟᱛᱮ ᱠᱟᱹᱢᱤ ᱛᱮᱧ ᱪᱟᱞᱟᱜᱼᱟ,"Injaak do daka ar utu jom kate kami tenj chalaga – After eating rice and curry, I will go to my work.",,,Confidence,Learning New Things,Learning,Build confidence,"Olitun carefully carrying out a task, like neatly filing books or designing a wooden model. Show only the speaking character, never show both speakers in the same frame.","Standing tall, head held high, chest slightly out, a bright and self-assured smile.","Olitun exhibiting self-reliance, readiness to learn, and pride in their capabilities."
lesson_sentences_complex_beginner,Simple Dialogues & Routines,cat_sentences_1778594024495,19,text,"ᱱᱟᱯᱟᱭ ᱛᱮ ᱠᱟᱹᱢᱤ ᱢᱮ ᱜᱟᱛᱮ, ᱥᱟᱹᱜᱩᱱ ᱫᱤᱱ ᱦᱩᱭᱩᱜ ᱛᱟᱢ","Napay te kami me gate, sagun din huyug tam – Work well friend, have an auspicious day.",,,Confidence,Learning New Things,Learning,Build confidence,"a young Santhal child classmate smiling warmly while pointing happily toward the learner, conveying friendship and belonging. Show only the speaking character, never show both speakers in the same frame.","Standing tall, head held high, chest slightly out, a bright and self-assured smile.","a young Santhal child classmate exhibiting self-reliance, readiness to learn, and pride in their capabilities."
lesson_sentences_complex_advanced,Traditional Wisdom & Ecology,cat_sentences_1778594024495,0,text,"ᱫᱟᱨᱮ ᱜᱮ ᱡᱤᱣᱤ ᱠᱟᱱᱟ, ᱚᱱᱟᱛᱮ ᱫᱟᱨᱮ ᱵᱟᱧᱪᱟᱣ ᱫᱚ ᱟᱵᱚᱣᱟᱜ ᱫᱷᱚᱨᱚᱢ ᱠᱟᱱᱟ","Dare ge jiwi kana, onate dare bancaw do abowaak dhorom kana – Trees are life, therefore protecting trees is our sacred duty.",,,Pride,Working Together,Leadership,Solve a problem,"Olitun holds a ripe, bright red pomegranate, showing its rich color with a proud and happy smile. Show only the speaking character, never show both speakers in the same frame.","Standing proud and tall, head high, shoulders back, holding cultural artifacts or projects.","Olitun celebrating cultural identity, heritage, and personal achievements."
lesson_sentences_complex_advanced,Traditional Wisdom & Ecology,cat_sentences_1778594024495,1,text,"ᱜᱚᱡ ᱦᱚᱲ ᱫᱚ ᱵᱟᱹᱠᱩ ᱨᱚᱲᱟ, ᱚᱱᱟᱛᱮ ᱦᱚᱞᱟ ᱠᱟᱛᱷᱟ ᱫᱚ ᱦᱤᱲᱤᱧ ᱢᱮ","Goj hor do baku rora, onate hola katha do hirinj me – Dead people do not speak, so forget about yesterday's matters.",,,Achievement,Exploring Nature,Creativity,Teach others,"a young Santhal child classmate gestures toward a village map drawn on a board, explaining a plan to classmates with confidence. Show only the speaking character, never show both speakers in the same frame.","Cheerful smile, hands raised in a small celebration or showing a finished project.","a young Santhal child classmate enjoying the reward of dedication, effort, and hard work."
lesson_sentences_complex_advanced,Traditional Wisdom & Ecology,cat_sentences_1778594024495,2,text,"ᱟᱹᱛᱩ ᱦᱚᱲ ᱜᱮ ᱫᱤᱥᱚᱢ ᱦᱚᱲ ᱠᱟᱱᱟ ᱠᱚ, ᱡᱩᱢᱤᱫᱽ ᱜᱮ ᱟᱵᱚᱣᱟᱜ ᱫᱟᱲᱮ ᱠᱟᱱᱟ","Atu hor ge disom hor kana ko, jumid ge abowaak dare kana – The villagers are the country's strength; unity is our power.",,,Gratitude,Dreaming Big,Problem Solving,Create something useful,"Olitun sits in a circle with friends around a small fire, gesturing warmly while sharing a traditional story. Show only the speaking character, never show both speakers in the same frame.","Slightly bowed head, hands held together or offering a token of appreciation, warm smile.",Olitun acknowledging and appreciating the kindness and efforts of others.
lesson_sentences_complex_advanced,Traditional Wisdom & Ecology,cat_sentences_1778594024495,3,text,"ᱫᱟᱜ ᱨᱮ ᱡᱷᱟᱹᱞᱤ ᱵᱟᱹᱭᱥᱟᱹᱣ ᱞᱮᱠᱟ, ᱵᱟᱝ ᱦᱩᱭᱩᱜ ᱠᱟᱹᱢᱤ ᱨᱮ ᱚᱠᱛᱚ ᱟᱞᱚᱢ ᱱᱚᱥᱴᱚᱭᱟ","Dag re jhale baysaw leka, bang huyug kami re okto alom nostoya – Like setting a net in water, do not waste time on impossible tasks.",,,Pride,Working Together,Leadership,Solve a problem,"a young Santhal child classmate drinking cool, clean water from a traditional clay pot, looking refreshed and happy. Show only the speaking character, never show both speakers in the same frame.","Standing proud and tall, head high, shoulders back, holding cultural artifacts or projects.","a young Santhal child classmate celebrating cultural identity, heritage, and personal achievements."
lesson_sentences_complex_advanced,Traditional Wisdom & Ecology,cat_sentences_1778594024495,4,text,"ᱢᱮᱫ ᱞᱩᱴᱩᱨ ᱵᱮᱸᱜᱮᱫ ᱠᱟᱛᱮ ᱪᱟᱞᱟᱜ ᱢᱮ, ᱦᱚᱨ ᱨᱮ ᱟᱹᱰᱤ ᱫᱷᱤᱨᱤ ᱢᱮᱱᱟᱜᱼᱟ","Med lutur benget kate chalag me, hor re adi dhiri menaga – Keep your eyes and ears open; there are many stones on the road.",,,Achievement,Exploring Nature,Creativity,Teach others,"Olitun stands with hands on hips, looking out over the village from a scenic hill, representing leadership. Show only the speaking character, never show both speakers in the same frame.","Cheerful smile, hands raised in a small celebration or showing a finished project.","Olitun enjoying the reward of dedication, effort, and hard work."
lesson_sentences_complex_advanced,Traditional Wisdom & Ecology,cat_sentences_1778594024495,5,text,"ᱟᱢ ᱡᱟᱦᱟᱸ ᱞᱮᱠᱟᱢ ᱨᱚᱲᱟ, ᱟᱢ ᱥᱟᱶ ᱦᱚᱲ ᱦᱚᱸ ᱚᱱᱠᱟ ᱜᱮ ᱠᱚ ᱨᱚᱲᱟ","Am jaha lekam rora, am saw hor ho onka ge ko rora – As you speak, people will speak with you in the same way.",,,Gratitude,Dreaming Big,Problem Solving,Create something useful,"a young Santhal child classmate gestures toward a village map drawn on a board, explaining a plan to classmates with confidence. Show only the speaking character, never show both speakers in the same frame.","Slightly bowed head, hands held together or offering a token of appreciation, warm smile.",a young Santhal child classmate acknowledging and appreciating the kindness and efforts of others.
lesson_sentences_complex_advanced,Traditional Wisdom & Ecology,cat_sentences_1778594024495,6,text,"ᱥᱚᱦᱨᱟᱭ ᱯᱚᱨᱚᱵ ᱨᱮ ᱟᱞᱮ ᱚᱲᱟᱜ ᱛᱮ ᱦᱤᱡᱩᱜ ᱢᱮ, ᱟᱹᱰᱤ ᱱᱟᱯᱟᱭ ᱦᱩᱭᱩᱜᱼᱟ","Sohrae porob re ale orag te hijug me, adi napay huyuga – Come to our home during the Sohrae festival, it will be wonderful.",,,Pride,Working Together,Leadership,Solve a problem,"Olitun sits in a circle with friends around a small fire, gesturing warmly while sharing a traditional story. Show only the speaking character, never show both speakers in the same frame.","Standing proud and tall, head high, shoulders back, holding cultural artifacts or projects.","Olitun celebrating cultural identity, heritage, and personal achievements."
lesson_sentences_complex_advanced,Traditional Wisdom & Ecology,cat_sentences_1778594024495,7,text,"ᱜᱩᱨᱩ ᱠᱚᱞᱚᱢ ᱛᱮ ᱚᱞ ᱢᱮ, ᱜᱮᱭᱟᱱ ᱦᱚᱨ ᱨᱮ ᱞᱟᱦᱟᱜ ᱢᱮ","Guru kolom te ol me, geyan hor re lahag me – Write with the Guru's pen, advance on the path of knowledge.",,,Achievement,Exploring Nature,Creativity,Teach others,"a young Santhal child classmate writing clean Ol Chiki characters on a blackboard with chalk, standing tall with confidence. Show only the speaking character, never show both speakers in the same frame.","Cheerful smile, hands raised in a small celebration or showing a finished project.","a young Santhal child classmate enjoying the reward of dedication, effort, and hard work."
lesson_sentences_complex_advanced,Traditional Wisdom & Ecology,cat_sentences_1778594024495,8,text,"ᱟᱹᱨᱤ ᱪᱟᱹᱞᱤ ᱟᱨ ᱞᱟᱠᱪᱟᱨ ᱫᱚ ᱟᱵᱚᱣᱟᱜ ᱩᱯᱨᱩᱢ ᱠᱟᱱᱟ, ᱚᱱᱟ ᱫᱚ ᱵᱟᱧᱪᱟᱣ ᱠᱟᱜ ᱢᱮ","Ari chali ar lakchar do abowaak uprum kana, ona do bancaw kag me – Customs and culture are our identity; protect them well.",,,Gratitude,Dreaming Big,Problem Solving,Create something useful,"Olitun stands with hands on hips, looking out over the village from a scenic hill, representing leadership. Show only the speaking character, never show both speakers in the same frame.","Slightly bowed head, hands held together or offering a token of appreciation, warm smile.",Olitun acknowledging and appreciating the kindness and efforts of others.
lesson_sentences_complex_advanced,Traditional Wisdom & Ecology,cat_sentences_1778594024495,9,text,ᱦᱮᱲᱮᱢ ᱨᱚᱲ ᱛᱮ ᱥᱟᱱᱟᱢ ᱦᱚᱲ ᱢᱚᱱᱮ ᱡᱤᱛᱠᱟᱹᱨ ᱢᱮ,Herem ror te sanam hor mone jitkar me – Win everyone's heart with sweet and fluent speech.,,,Pride,Working Together,Leadership,Solve a problem,"a young Santhal child classmate gestures toward a village map drawn on a board, explaining a plan to classmates with confidence. Show only the speaking character, never show both speakers in the same frame.","Standing proud and tall, head high, shoulders back, holding cultural artifacts or projects.","a young Santhal child classmate celebrating cultural identity, heritage, and personal achievements."
lesson_sentences_complex_advanced,Traditional Wisdom & Ecology,cat_sentences_1778594024495,10,text,ᱥᱤᱨᱡᱚᱱᱤᱭᱟᱹ ᱫᱚ ᱱᱚᱶᱟ ᱫᱷᱟᱹᱨᱛᱤ ᱟᱹᱰᱤ ᱪᱮᱦᱨᱟ ᱛᱮ ᱥᱟᱡᱟᱣ ᱟᱠᱟᱫᱟ,Sirjoniya do nowa dharti adi chehra te sajaw akada – The Creator has decorated this earth beautifully.,,,Achievement,Exploring Nature,Creativity,Teach others,"Olitun holding a handful of rich, dark soil, ready to plant seeds, looking hopeful and proud. Show only the speaking character, never show both speakers in the same frame.","Cheerful smile, hands raised in a small celebration or showing a finished project.","Olitun enjoying the reward of dedication, effort, and hard work."
lesson_sentences_complex_advanced,Traditional Wisdom & Ecology,cat_sentences_1778594024495,11,text,"ᱟᱢᱟᱜ ᱡᱤᱣᱤ ᱡᱟᱞᱟ ᱨᱮ ᱫᱷᱤᱨᱚᱡᱽ ᱫᱚᱦᱚᱭ ᱢᱮ, ᱢᱤᱫ ᱫᱤᱱ ᱥᱟᱹᱨᱤ ᱜᱮ ᱱᱟᱯᱟᱭ ᱦᱩᱭᱩᱜᱼᱟ","Amaak jiwi jala re dhiroj dohoy me, mid din sari ge napay huyuga – Keep patience in your life struggles; one day it will surely be good.",,,Gratitude,Dreaming Big,Problem Solving,Create something useful,"a young Santhal child classmate stands proudly at a crossroads in the village, pointing toward a path of opportunity. Show only the speaking character, never show both speakers in the same frame.","Slightly bowed head, hands held together or offering a token of appreciation, warm smile.",a young Santhal child classmate acknowledging and appreciating the kindness and efforts of others.
lesson_sentences_complex_advanced,Traditional Wisdom & Ecology,cat_sentences_1778594024495,12,text,ᱫᱤᱥᱚᱢ ᱫᱟᱨᱟᱱ ᱠᱟᱛᱮ ᱟᱹᱰᱤ ᱞᱮᱠᱟᱱ ᱜᱮᱭᱟᱱ ᱮᱢ ᱧᱟᱢ ᱫᱟᱲᱮᱭᱟᱜᱼᱟ,"Disom daran kate adi lekan geyan em njam dareyaga – By traveling the country, you can gain many kinds of knowledge.",,,Pride,Working Together,Leadership,Solve a problem,"Olitun stands with hands on hips, looking out over the village from a scenic hill, representing leadership. Show only the speaking character, never show both speakers in the same frame.","Standing proud and tall, head high, shoulders back, holding cultural artifacts or projects.","Olitun celebrating cultural identity, heritage, and personal achievements."
lesson_sentences_complex_advanced,Traditional Wisdom & Ecology,cat_sentences_1778594024495,13,text,"ᱫᱷᱚᱨᱚᱢ ᱠᱟᱹᱢᱤ ᱨᱮ ᱢᱚᱱᱮ ᱞᱟᱜᱟᱣ ᱢᱮ, ᱥᱟᱱᱟᱢ ᱦᱚᱲ ᱢᱟᱹᱱ ᱠᱚ ᱮᱢᱟᱢᱟ","Dhorom kami re mone lagaw me, sanam hor man ko emama – Engage in righteous deeds; everyone will respect you.",,,Pride,Exploring Nature,Leadership,Teach others,"a young Santhal child classmate pointing toward a balanced, hand-carved wooden scale, indicating fairness and justice. Show only the speaking character, never show both speakers in the same frame.","Standing proud and tall, head high, shoulders back, holding cultural artifacts or projects.","a young Santhal child classmate celebrating cultural identity, heritage, and personal achievements."
lesson_sentences_complex_advanced,Traditional Wisdom & Ecology,cat_sentences_1778594024495,14,text,ᱥᱟᱱᱛᱟᱲᱤ ᱥᱟᱶᱦᱮᱫ ᱫᱚ ᱟᱹᱰᱤ ᱠᱤᱥᱟᱹᱬ ᱟᱨ ᱜᱟᱹᱦᱤᱨ ᱜᱮᱭᱟ,Santali sawhet do adi kisan ar gahir geya – Santali literature is very rich and deep.,,,Gratitude,Dreaming Big,Problem Solving,Create something useful,"Olitun sits in a circle with friends around a small fire, gesturing warmly while sharing a traditional story. Show only the speaking character, never show both speakers in the same frame.","Slightly bowed head, hands held together or offering a token of appreciation, warm smile.",Olitun acknowledging and appreciating the kindness and efforts of others.
lesson_sentences_complex_advanced,Traditional Wisdom & Ecology,cat_sentences_1778594024495,15,text,ᱚᱞᱚᱜ ᱯᱟᱲᱦᱟᱣ ᱠᱟᱛᱮ ᱟᱢᱟᱜ ᱟᱹᱛᱩ ᱟᱨ ᱫᱤᱥᱚᱢ ᱨᱮᱭᱟᱜ ᱧᱩᱛᱩᱢ ᱩᱡᱽᱣᱟᱹᱞ ᱢᱮ,"Olog parhaw kate amaak atu ar disom reyag nyutum ujlaw me – By studying well, brighten the name of your village and country.",,,Pride,Working Together,Leadership,Teach others,"a young Santhal child classmate holding a shiny, polished brass plate that reflects the morning sunlight with brilliant rays. Show only the speaking character, never show both speakers in the same frame.","Standing proud and tall, head high, shoulders back, holding cultural artifacts or projects.","a young Santhal child classmate celebrating cultural identity, heritage, and personal achievements."
lesson_sentences_complex_advanced,Traditional Wisdom & Ecology,cat_sentences_1778594024495,16,text,ᱥᱟᱹᱨᱤ ᱜᱩᱨᱩ ᱣᱟᱜ ᱥᱮᱪᱮᱫ ᱛᱮ ᱟᱵᱚ ᱥᱟᱱᱟᱢ ᱦᱚᱲ ᱡᱤᱣᱤ ᱨᱮ ᱥᱟᱹᱨᱤ ᱥᱟᱹᱱᱛᱤ ᱵᱚᱱ ᱧᱟᱢᱟ,"Sari guru waak seched te abo sanam hor jiwi re sari santi bon njama – With the true teacher's education, we all find true peace in our lives.",,,Achievement,Exploring Nature,Creativity,Teach others,"Olitun stands with hands on hips, looking out over the village from a scenic hill, representing leadership. Show only the speaking character, never show both speakers in the same frame.","Cheerful smile, hands raised in a small celebration or showing a finished project.","Olitun enjoying the reward of dedication, effort, and hard work."
lesson_sentences_complex_advanced,Traditional Wisdom & Ecology,cat_sentences_1778594024495,17,text,ᱜᱮᱭᱟᱱ ᱫᱚᱨᱭᱟ ᱨᱮ ᱰᱩᱵᱩᱡ ᱠᱟᱛᱮ ᱟᱢ ᱫᱚ ᱥᱟᱹᱨᱤ ᱫᱷᱚᱨᱚᱢ ᱨᱮᱭᱟᱜ ᱜᱟᱹᱦᱤᱨ ᱠᱟᱛᱷᱟᱢ ᱵᱟᱰᱟᱭ ᱧᱟᱢᱟ,"Geyan dorya re dubuj kate am do sari dhorom reyag gahir katham baday njama – By diving into the ocean of knowledge, you will understand the deep truths of the true religion.",,,Pride,Dreaming Big,Leadership,Teach others,"a young Santhal child classmate standing tall on a hill overlooking the village, looking forward with strong resolution. Show only the speaking character, never show both speakers in the same frame.","Standing proud and tall, head high, shoulders back, holding cultural artifacts or projects.","a young Santhal child classmate celebrating cultural identity, heritage, and personal achievements."
lesson_sentences_complex_advanced,Traditional Wisdom & Ecology,cat_sentences_1778594024495,18,text,ᱟᱹᱨᱤ ᱪᱟᱹᱞᱤ ᱟᱨ ᱞᱟᱠᱪᱟᱨ ᱵᱟᱧᱪᱟᱣ ᱫᱚᱦᱚ ᱜᱮ ᱥᱟᱹᱨᱤ ᱦᱚᱲ ᱦᱚᱯᱚᱱ ᱟᱜ ᱢᱟᱨᱟᱝ ᱫᱷᱚᱨᱚᱢ ᱠᱟᱱᱟ,Ari chali ar lakchar bancaw doho ge sari hor hopon aak marang dhorom kana – Preserving customs and culture is the great duty of a true Santal.,,,Pride,Working Together,Leadership,Solve a problem,"Olitun sits in a circle with friends around a small fire, gesturing warmly while sharing a traditional story. Show only the speaking character, never show both speakers in the same frame.","Standing proud and tall, head high, shoulders back, holding cultural artifacts or projects.","Olitun celebrating cultural identity, heritage, and personal achievements."
lesson_sentences_complex_advanced,Traditional Wisdom & Ecology,cat_sentences_1778594024495,19,text,ᱥᱤᱨᱡᱚᱱ ᱫᱩᱞᱟᱹᱲ ᱟᱨ ᱡᱩᱢᱤᱫᱽ ᱜᱮ ᱟᱵᱚ ᱥᱟᱱᱟᱢ ᱦᱚᱲ ᱡᱤᱣᱤ ᱨᱮ ᱥᱟᱹᱨᱤ ᱥᱩᱠᱷ ᱮ ᱮᱢᱟ ᱵᱚᱱᱟ,Sirjon dular ar jumid ge abo sanam hor jiwi re sari sukh e ema bona – Love for nature and unity give true happiness in our lives.,,,Achievement,Exploring Nature,Creativity,Teach others,"a young Santhal child classmate stands proudly at a crossroads in the village, pointing toward a path of opportunity. Show only the speaking character, never show both speakers in the same frame.","Cheerful smile, hands raised in a small celebration or showing a finished project.","a young Santhal child classmate enjoying the reward of dedication, effort, and hard work."
lesson_sentences_conversational_1,Modern Conversational Exchanges I,cat_sentences_1778594024495,0,text,ᱟᱢ ᱛᱮᱦᱮᱧ ᱪᱮᱫ ᱮᱢ ᱡᱚᱢ ᱠᱮᱫᱟ?,Am tehenj ced em jom keda? – What did you eat today?,,,Hope,Modern World,Technology,Create something useful,"Olitun stands beside a modern work table with drafting papers and a digital tablet, pointing forward with hope. Show only the speaking character, never show both speakers in the same frame.","Looking upward and forward, eyes shining bright with positive expectation, smiling gently.","Olitun expressing optimism for progress, new opportunities, and future success."
lesson_sentences_conversational_1,Modern Conversational Exchanges I,cat_sentences_1778594024495,1,text,ᱤᱧ ᱫᱚ ᱫᱟᱠᱟ ᱟᱨ ᱡᱮᱞᱤᱧ ᱩᱛᱩᱧ ᱡᱚᱢ ᱠᱮᱫᱟ,In do daka ar jelinj utunj jom keda – I ate rice and fish curry.,,,Ambition,Technology & Learning,Entrepreneurship,Learn something new,"a young Santhal child classmate stands in a clean, modern learning space, gesturing toward a screen showing village success metrics. Show only the speaking character, never show both speakers in the same frame.","Determined forward-looking gaze, confident stance, finger pointing toward the distant horizon.","a young Santhal child classmate aiming high, showing aspiration for modern education and career path."
lesson_sentences_conversational_1,Modern Conversational Exchanges I,cat_sentences_1778594024495,2,text,ᱟᱢᱟᱜ ᱜᱟᱛᱮ ᱠᱚᱲᱟ ᱫᱚ ᱚᱠᱚᱭ ᱠᱟᱱᱟᱭ?,Amaak gate kora do okoy kanay? – Who is your male friend?,,,Pride,Future Success,Leadership,Build confidence,"Olitun smiling warmly while pointing happily toward the learner, conveying friendship and belonging. Show only the speaking character, never show both speakers in the same frame.","Standing proud and tall, head high, shoulders back, holding cultural artifacts or projects.","Olitun celebrating cultural identity, heritage, and personal achievements."
lesson_sentences_conversational_1,Modern Conversational Exchanges I,cat_sentences_1778594024495,3,text,ᱤᱧᱟᱜ ᱜᱟᱛᱮ ᱠᱚᱲᱟ ᱫᱚ ᱥᱟᱹᱜᱩᱱ ᱠᱟᱱᱟᱭ,Injaak gate kora do Sagun kanay – My male friend is Sagun.,,,Hope,Modern World,Technology,Create something useful,"a young Santhal child classmate smiling warmly while pointing happily toward the learner, conveying friendship and belonging. Show only the speaking character, never show both speakers in the same frame.","Looking upward and forward, eyes shining bright with positive expectation, smiling gently.","a young Santhal child classmate expressing optimism for progress, new opportunities, and future success."
lesson_sentences_conversational_1,Modern Conversational Exchanges I,cat_sentences_1778594024495,4,text,ᱟᱢ ᱫᱚ ᱛᱮᱦᱮᱧ ᱤᱛᱩᱱ ᱟᱥᱲᱟ ᱮᱢ ᱪᱟᱞᱟᱣ ᱞᱮᱱᱟ?,Am do tehenj itun asra em chalaw lena? – Did you go to school today?,,,Ambition,Technology & Learning,Entrepreneurship,Learn something new,"Olitun standing proudly in front of a bright, clean school building, gesturing toward the entrance. Show only the speaking character, never show both speakers in the same frame.","Determined forward-looking gaze, confident stance, finger pointing toward the distant horizon.","Olitun aiming high, showing aspiration for modern education and career path."
lesson_sentences_conversational_1,Modern Conversational Exchanges I,cat_sentences_1778594024495,5,text,"ᱵᱟᱝ, ᱛᱮᱦᱮᱧ ᱫᱚ ᱪᱷᱩᱴᱤ ᱫᱤᱱ ᱠᱟᱱᱟ","Bang, tehenj do chuti din kana – No, today is a holiday.",,,Pride,Future Success,Leadership,Build confidence,"a young Santhal child classmate stands in a clean, modern learning space, gesturing toward a screen showing village success metrics. Show only the speaking character, never show both speakers in the same frame.","Standing proud and tall, head high, shoulders back, holding cultural artifacts or projects.","a young Santhal child classmate celebrating cultural identity, heritage, and personal achievements."
lesson_sentences_conversational_1,Modern Conversational Exchanges I,cat_sentences_1778594024495,6,text,ᱟᱢᱟᱜ ᱟᱹᱛᱩ ᱨᱮ ᱛᱤᱱᱟᱹᱜ ᱚᱲᱟᱜ ᱢᱮᱱᱟᱜᱼᱟ?,Amaak atu re tinag orag menaga? – How many houses are there in your village?,,,Hope,Modern World,Technology,Create something useful,"Olitun stands under the bright sun, showcasing a creative blueprint of a village development project with pride. Show only the speaking character, never show both speakers in the same frame.","Looking upward and forward, eyes shining bright with positive expectation, smiling gently.","Olitun expressing optimism for progress, new opportunities, and future success."
lesson_sentences_conversational_1,Modern Conversational Exchanges I,cat_sentences_1778594024495,7,text,ᱟᱞᱮ ᱟᱹᱛᱩ ᱨᱮ ᱫᱚ ᱟᱹᱰᱤ ᱥᱟᱸᱜᱮ ᱚᱲᱟᱜ ᱢᱮᱱᱟᱜᱼᱟ,Ale atu re do adi sange orag menaga – There are many houses in our village.,,,Ambition,Technology & Learning,Entrepreneurship,Learn something new,"a young Santhal child classmate works together with classmates around a table filled with building blocks and tablets, smiling with ambition. Show only the speaking character, never show both speakers in the same frame.","Determined forward-looking gaze, confident stance, finger pointing toward the distant horizon.","a young Santhal child classmate aiming high, showing aspiration for modern education and career path."
lesson_sentences_conversational_1,Modern Conversational Exchanges I,cat_sentences_1778594024495,8,text,ᱟᱢ ᱫᱚ ᱤᱧ ᱥᱟᱶ ᱮᱢ ᱜᱟᱞᱢᱟᱨᱟᱣᱟ?,Am do in saw em galmarawa? – Will you speak with me?,,,Pride,Future Success,Leadership,Build confidence,"Olitun stands beside a modern work table with drafting papers and a digital tablet, pointing forward with hope. Show only the speaking character, never show both speakers in the same frame.","Standing proud and tall, head high, shoulders back, holding cultural artifacts or projects.","Olitun celebrating cultural identity, heritage, and personal achievements."
lesson_sentences_conversational_1,Modern Conversational Exchanges I,cat_sentences_1778594024495,9,text,"ᱦᱮᱸ, ᱤᱧ ᱫᱚ ᱟᱢ ᱥᱟᱶ ᱨᱚᱲ ᱟᱹᱰᱤᱧ ᱠᱩᱥᱤᱭᱟᱜᱼᱟ","Hẽ, in do am saw ror adinj kusiyaga – Yes, I really like to talk with you.",,,Hope,Modern World,Technology,Create something useful,"a young Santhal child classmate stands in a clean, modern learning space, gesturing toward a screen showing village success metrics. Show only the speaking character, never show both speakers in the same frame.","Looking upward and forward, eyes shining bright with positive expectation, smiling gently.","a young Santhal child classmate expressing optimism for progress, new opportunities, and future success."
lesson_sentences_conversational_1,Modern Conversational Exchanges I,cat_sentences_1778594024495,10,text,ᱟᱢ ᱫᱚ ᱚᱠᱟ ᱠᱟᱹᱢᱤᱢ ᱠᱩᱥᱤᱭᱟᱜᱼᱟ?,Am do oka kamim kusiyaga? – Which work do you like?,,,Ambition,Technology & Learning,Entrepreneurship,Learn something new,"Olitun carefully carrying out a task, like neatly filing books or designing a wooden model. Show only the speaking character, never show both speakers in the same frame.","Determined forward-looking gaze, confident stance, finger pointing toward the distant horizon.","Olitun aiming high, showing aspiration for modern education and career path."
lesson_sentences_conversational_1,Modern Conversational Exchanges I,cat_sentences_1778594024495,11,text,ᱤᱧ ᱫᱚ ᱚᱞᱚᱜ ᱯᱟᱲᱦᱟᱣ ᱠᱟᱹᱢᱤᱧ ᱠᱩᱥᱤᱭᱟᱜᱼᱟ,In do olog parhaw kaminj kusiyaga – I like the work of studying.,,,Pride,Future Success,Leadership,Build confidence,"a young Santhal child classmate excitedly discovering knowledge inside a large, open picture book that glows with colorful patterns. Show only the speaking character, never show both speakers in the same frame.","Standing proud and tall, head high, shoulders back, holding cultural artifacts or projects.","a young Santhal child classmate celebrating cultural identity, heritage, and personal achievements."
lesson_sentences_conversational_1,Modern Conversational Exchanges I,cat_sentences_1778594024495,12,text,ᱛᱮᱦᱮᱧ ᱫᱚ ᱟᱹᱰᱤ ᱱᱟᱯᱟᱭ ᱥᱤᱛᱩᱝ ᱠᱟᱱᱟ,Tehenj do adi napay situng kana – Today it is very pleasantly sunny.,,,Hope,Modern World,Technology,Create something useful,"Olitun looking up at the warm morning sun rising over the hills, eyes filled with hope. Show only the speaking character, never show both speakers in the same frame.","Looking upward and forward, eyes shining bright with positive expectation, smiling gently.","Olitun expressing optimism for progress, new opportunities, and future success."
lesson_sentences_conversational_1,Modern Conversational Exchanges I,cat_sentences_1778594024495,13,text,"ᱫᱟᱭᱟ ᱠᱟᱛᱮ ᱫᱟᱜ ᱮᱢᱟᱧ ᱢᱮ, ᱤᱧ ᱛᱮᱛᱟᱝ ᱮᱫ ᱤᱧᱟ","Daya kate dag emanj me, in tetang ed inja – Please give me water, I am thirsty.",,,Ambition,Technology & Learning,Entrepreneurship,Learn something new,"a young Santhal child classmate drinking cool, clean water from a traditional clay pot, looking refreshed and happy. Show only the speaking character, never show both speakers in the same frame.","Determined forward-looking gaze, confident stance, finger pointing toward the distant horizon.","a young Santhal child classmate aiming high, showing aspiration for modern education and career path."
lesson_sentences_conversational_1,Modern Conversational Exchanges I,cat_sentences_1778594024495,14,text,ᱱᱚᱶᱟ ᱫᱟᱜ ᱫᱚ ᱟᱹᱰᱤ ᱱᱟᱯᱟᱭ ᱟᱨ ᱥᱟᱯᱷᱟ ᱜᱮᱭᱟ,Nowa dag do adi napay ar sapha geya – This water is very good and clean.,,,Pride,Future Success,Leadership,Build confidence,"Olitun drinking cool, clean water from a traditional clay pot, looking refreshed and happy. Show only the speaking character, never show both speakers in the same frame.","Standing proud and tall, head high, shoulders back, holding cultural artifacts or projects.","Olitun celebrating cultural identity, heritage, and personal achievements."
lesson_sentences_conversational_1,Modern Conversational Exchanges I,cat_sentences_1778594024495,15,text,ᱟᱢᱟᱜ ᱚᱲᱟᱜ ᱨᱮ ᱚᱠᱚᱭ ᱠᱚ ᱢᱮᱱᱟᱜ ᱠᱚᱣᱟ?,Amaak orag re okoy ko menag kowa? – Who is at your home?,,,Hope,Modern World,Technology,Create something useful,"Olitun works together with classmates around a table filled with building blocks and tablets, smiling with ambition. Show only the speaking character, never show both speakers in the same frame.","Looking upward and forward, eyes shining bright with positive expectation, smiling gently.","Olitun expressing optimism for progress, new opportunities, and future success."
lesson_sentences_conversational_1,Modern Conversational Exchanges I,cat_sentences_1778594024495,16,text,"ᱤᱧᱟᱜ ᱚᱲᱟᱜ ᱨᱮ ᱟᱭᱳ, ᱵᱟᱵᱟ ᱟᱨ ᱢᱤᱥᱮᱨᱟ ᱢᱮᱱᱟᱜ ᱠᱚᱣᱟ","Injaak orag re ayo, baba ar misera menag kowa – In my home are mother, father, and younger sister.",,,Ambition,Technology & Learning,Entrepreneurship,Learn something new,"A kind, tall Santhal father and Olitun standing side-by-side, sharing a warm moment as they look over a project. Show only the speaking character, never show both speakers in the same frame.","Determined forward-looking gaze, confident stance, finger pointing toward the distant horizon.","Olitun aiming high, showing aspiration for modern education and career path."
lesson_sentences_conversational_1,Modern Conversational Exchanges I,cat_sentences_1778594024495,17,text,ᱟᱢ ᱫᱚ ᱛᱤᱥ ᱮᱢ ᱦᱤᱡᱩᱜᱼᱟ?,Am do tis em hijuga? – When will you come?,,,Pride,Future Success,Leadership,Build confidence,"Olitun stands in a clean, modern learning space, gesturing toward a screen showing village success metrics. Show only the speaking character, never show both speakers in the same frame.","Standing proud and tall, head high, shoulders back, holding cultural artifacts or projects.","Olitun celebrating cultural identity, heritage, and personal achievements."
lesson_sentences_conversational_1,Modern Conversational Exchanges I,cat_sentences_1778594024495,18,text,ᱤᱧ ᱫᱚ ᱜᱟᱯᱟ ᱥᱮᱛᱟᱜ ᱤᱧ ᱦᱤᱡᱩᱜᱼᱟ,In do gapa setag inj hijuga – I will come tomorrow morning.,,,Hope,Modern World,Technology,Create something useful,"a young Santhal child classmate stands under the bright sun, showcasing a creative blueprint of a village development project with pride. Show only the speaking character, never show both speakers in the same frame.","Looking upward and forward, eyes shining bright with positive expectation, smiling gently.","a young Santhal child classmate expressing optimism for progress, new opportunities, and future success."
lesson_sentences_conversational_1,Modern Conversational Exchanges I,cat_sentences_1778594024495,19,text,ᱟᱢᱟᱜ ᱥᱤᱵᱤᱞ ᱨᱚᱲ ᱫᱚ ᱤᱧ ᱟᱹᱰᱤᱧ ᱠᱩᱥᱤᱭᱟᱫᱼᱟ,Amaak sibil ror do in adinj kusiyada – I really liked your sweet words.,,,Ambition,Technology & Learning,Entrepreneurship,Learn something new,"a young Santhal child classmate works together with classmates around a table filled with building blocks and tablets, smiling with ambition. Show only the speaking character, never show both speakers in the same frame.","Determined forward-looking gaze, confident stance, finger pointing toward the distant horizon.","a young Santhal child classmate aiming high, showing aspiration for modern education and career path."
lesson_sentences_conversational_1,Modern Conversational Exchanges I,cat_sentences_1778594024495,20,text,"ᱱᱟᱯᱟᱭ ᱛᱮ ᱛᱟᱦᱮᱸᱱ ᱢᱮ ᱜᱟᱛᱮ, ᱥᱟᱨᱦᱟᱣ","Napay te tahen me gate, sarhaw – Stay well friend, thank you.",,,Pride,Future Success,Leadership,Build confidence,"Olitun smiling warmly while pointing happily toward the learner, conveying friendship and belonging. Show only the speaking character, never show both speakers in the same frame.","Standing proud and tall, head high, shoulders back, holding cultural artifacts or projects.","Olitun celebrating cultural identity, heritage, and personal achievements."
lesson_sentences_conversational_1,Modern Conversational Exchanges I,cat_sentences_1778594024495,21,text,"ᱥᱟᱹᱜᱩᱱ ᱧᱤᱫᱟᱹ, ᱜᱟᱯᱟ ᱵᱚᱱ ᱧᱟᱯᱟᱢᱟ","Sagun njida, gapa bon njapama – Good night, we will meet tomorrow.",,,Hope,Modern World,Technology,Create something useful,"a young Santhal child classmate stands in a clean, modern learning space, gesturing toward a screen showing village success metrics. Show only the speaking character, never show both speakers in the same frame.","Looking upward and forward, eyes shining bright with positive expectation, smiling gently.","a young Santhal child classmate expressing optimism for progress, new opportunities, and future success."
lesson_sentences_conversational_2,Modern Conversational Exchanges II,cat_sentences_1778594024495,0,text,ᱟᱢ ᱫᱚ ᱪᱮᱫ ᱯᱩᱛᱷᱤᱢ ᱯᱟᱲᱦᱟᱜ ᱠᱟᱱᱟ?,Am do ced puthim parhaag kana? – What book are you reading?,,,Hope,Modern World,Technology,Create something useful,"Olitun excitedly discovering knowledge inside a large, open picture book that glows with colorful patterns. Show only the speaking character, never show both speakers in the same frame.","Looking upward and forward, eyes shining bright with positive expectation, smiling gently.","Olitun expressing optimism for progress, new opportunities, and future success."
lesson_sentences_conversational_2,Modern Conversational Exchanges II,cat_sentences_1778594024495,1,text,ᱤᱧ ᱫᱚ ᱥᱟᱱᱛᱟᱲᱤ ᱥᱟᱶᱦᱮᱫ ᱨᱮᱭᱟᱜ ᱯᱩᱛᱷᱤᱧ ᱯᱟᱲᱦᱟᱜ ᱠᱟᱱᱟ,In do Santali sawhet reyag puthinj parhaag kana – I am reading a book of Santali literature.,,,Ambition,Technology & Learning,Entrepreneurship,Learn something new,"a young Santhal child classmate excitedly discovering knowledge inside a large, open picture book that glows with colorful patterns. Show only the speaking character, never show both speakers in the same frame.","Determined forward-looking gaze, confident stance, finger pointing toward the distant horizon.","a young Santhal child classmate aiming high, showing aspiration for modern education and career path."
lesson_sentences_conversational_2,Modern Conversational Exchanges II,cat_sentences_1778594024495,2,text,ᱱᱚᱶᱟ ᱯᱩᱛᱷᱤ ᱨᱮ ᱫᱚ ᱟᱹᱰᱤ ᱱᱟᱯᱟᱭ ᱠᱟᱛᱷᱟ ᱚᱞ ᱢᱮᱱᱟᱜᱼᱟ,Nowa puthi re do adi napay katha ol menaga – Very good things are written in this book.,,,Pride,Future Success,Leadership,Build confidence,"Olitun excitedly discovering knowledge inside a large, open picture book that glows with colorful patterns. Show only the speaking character, never show both speakers in the same frame.","Standing proud and tall, head high, shoulders back, holding cultural artifacts or projects.","Olitun celebrating cultural identity, heritage, and personal achievements."
lesson_sentences_conversational_2,Modern Conversational Exchanges II,cat_sentences_1778594024495,3,text,ᱟᱢ ᱫᱚ ᱥᱟᱱᱛᱟᱲᱤ ᱚᱞ ᱪᱤᱠᱤᱢ ᱚᱞ ᱫᱟᱲᱮᱭᱟᱜᱼᱟ?,Am do Santali Ol Chiki em ol dareyaga? – Can you write Santali Ol Chiki?,,,Hope,Modern World,Technology,Create something useful,"Olitun writing clean Ol Chiki characters on a blackboard with chalk, standing tall with confidence. Show only the speaking character, never show both speakers in the same frame.","Looking upward and forward, eyes shining bright with positive expectation, smiling gently.","Olitun expressing optimism for progress, new opportunities, and future success."
lesson_sentences_conversational_2,Modern Conversational Exchanges II,cat_sentences_1778594024495,4,text,"ᱦᱮᱸ, ᱤᱧ ᱫᱚ ᱟᱹᱰᱤ ᱱᱟᱯᱟᱭ ᱚᱞ ᱪᱤᱠᱤᱧ ᱚᱞ ᱫᱟᱲᱮᱭᱟᱜᱼᱟ","Hẽ, in do adi napay Ol Chikinj ol dareyaga – Yes, I can write Ol Chiki very well.",,,Ambition,Technology & Learning,Entrepreneurship,Learn something new,"a young Santhal child classmate writing clean Ol Chiki characters on a blackboard with chalk, standing tall with confidence. Show only the speaking character, never show both speakers in the same frame.","Determined forward-looking gaze, confident stance, finger pointing toward the distant horizon.","a young Santhal child classmate aiming high, showing aspiration for modern education and career path."
lesson_sentences_conversational_2,Modern Conversational Exchanges II,cat_sentences_1778594024495,5,text,ᱟᱢ ᱫᱚ ᱚᱠᱚᱭ ᱪᱮᱫ ᱟᱫ ᱢᱮᱭᱟᱭ?,Am do okoy chet ad meyay? – Who taught you?,,,Pride,Future Success,Leadership,Build confidence,"Olitun stands in a clean, modern learning space, gesturing toward a screen showing village success metrics. Show only the speaking character, never show both speakers in the same frame.","Standing proud and tall, head high, shoulders back, holding cultural artifacts or projects.","Olitun celebrating cultural identity, heritage, and personal achievements."
lesson_sentences_conversational_2,Modern Conversational Exchanges II,cat_sentences_1778594024495,6,text,ᱤᱧ ᱫᱚ ᱤᱧᱟᱜ ᱵᱟᱵᱟ ᱟᱨ ᱜᱩᱨᱩ ᱠᱤᱱ ᱪᱮᱫ ᱟᱫ ᱤᱧᱟ,In do injaak baba ar guru kin chet ad inja – My father and teacher taught me.,,,Hope,Modern World,Technology,Create something useful,"A kind, tall Santhal father and a young Santhal child classmate standing side-by-side, sharing a warm moment as they look over a project. Show only the speaking character, never show both speakers in the same frame.","Looking upward and forward, eyes shining bright with positive expectation, smiling gently.","a young Santhal child classmate expressing optimism for progress, new opportunities, and future success."
lesson_sentences_conversational_2,Modern Conversational Exchanges II,cat_sentences_1778594024495,7,text,ᱛᱮᱦᱮᱧ ᱫᱚ ᱟᱹᱛᱩ ᱨᱮ ᱟᱹᱰᱤ ᱢᱟᱨᱟᱝ ᱜᱟᱞᱢᱟᱨᱟᱣ ᱦᱩᱭᱩᱜ ᱠᱟᱱᱟ,Tehenj do atu re adi marang galmaraw huyug kana – Today a very big discussion is happening in the village.,,,Ambition,Technology & Learning,Entrepreneurship,Learn something new,"a young Santhal child classmate works together with classmates around a table filled with building blocks and tablets, smiling with ambition. Show only the speaking character, never show both speakers in the same frame.","Determined forward-looking gaze, confident stance, finger pointing toward the distant horizon.","a young Santhal child classmate aiming high, showing aspiration for modern education and career path."
lesson_sentences_conversational_2,Modern Conversational Exchanges II,cat_sentences_1778594024495,8,text,ᱟᱢ ᱫᱚ ᱚᱱᱟ ᱜᱟᱞᱢᱟᱨᱟᱣ ᱛᱮᱢ ᱪᱟᱞᱟᱜᱼᱟ?,Am do ona galmaraw tem chalaga? – Will you go to that discussion?,,,Pride,Future Success,Leadership,Build confidence,"Olitun stands beside a modern work table with drafting papers and a digital tablet, pointing forward with hope. Show only the speaking character, never show both speakers in the same frame.","Standing proud and tall, head high, shoulders back, holding cultural artifacts or projects.","Olitun celebrating cultural identity, heritage, and personal achievements."
lesson_sentences_conversational_2,Modern Conversational Exchanges II,cat_sentences_1778594024495,9,text,"ᱦᱮᱸ, ᱤᱧ ᱫᱚ ᱟᱹᱛᱩ ᱨᱤᱱ ᱦᱚᱲ ᱥᱟᱶ ᱤᱧ ᱪᱟᱞᱟᱜᱼᱟ","Hẽ, in do atu rin hor saw inj chalaga – Yes, I will go with the villagers.",,,Hope,Modern World,Technology,Create something useful,"a young Santhal child classmate stands in a clean, modern learning space, gesturing toward a screen showing village success metrics. Show only the speaking character, never show both speakers in the same frame.","Looking upward and forward, eyes shining bright with positive expectation, smiling gently.","a young Santhal child classmate expressing optimism for progress, new opportunities, and future success."
lesson_sentences_conversational_2,Modern Conversational Exchanges II,cat_sentences_1778594024495,10,text,ᱢᱟᱹᱧᱡᱷᱤ ᱦᱟᱲᱟᱢ ᱫᱚ ᱟᱹᱰᱤ ᱱᱟᱯᱟᱭ ᱵᱤᱪᱟᱹᱨ ᱮ ᱮᱢᱟ,Manjhi haram do adi napay bicar e ema – The village headman gives very good judgment.,,,Ambition,Technology & Learning,Entrepreneurship,Learn something new,"Olitun stands under the bright sun, showcasing a creative blueprint of a village development project with pride. Show only the speaking character, never show both speakers in the same frame.","Determined forward-looking gaze, confident stance, finger pointing toward the distant horizon.","Olitun aiming high, showing aspiration for modern education and career path."
lesson_sentences_conversational_2,Modern Conversational Exchanges II,cat_sentences_1778594024495,11,text,ᱟᱞᱮ ᱟᱹᱛᱩ ᱨᱤᱱ ᱦᱚᱲ ᱫᱚ ᱡᱟᱣᱨᱟ ᱠᱟᱛᱮ ᱠᱟᱹᱢᱤᱭᱟ ᱠᱚ,Ale atu rin hor do jawra kate kamiya ko – Our villagers gather and work together.,,,Pride,Future Success,Leadership,Build confidence,"a young Santhal child classmate carefully carrying out a task, like neatly filing books or designing a wooden model. Show only the speaking character, never show both speakers in the same frame.","Standing proud and tall, head high, shoulders back, holding cultural artifacts or projects.","a young Santhal child classmate celebrating cultural identity, heritage, and personal achievements."
lesson_sentences_conversational_2,Modern Conversational Exchanges II,cat_sentences_1778594024495,12,text,ᱡᱩᱢᱤᱫᱽ ᱜᱮ ᱟᱞᱮ ᱟᱹᱛᱩ ᱨᱮᱭᱟᱜ ᱢᱟᱨᱟᱝ ᱫᱟᱲᱮ ᱠᱟᱱᱟ,Jumid ge ale atu reyag marang dare kana – Unity is the great strength of our village.,,,Hope,Modern World,Technology,Create something useful,"Olitun stands beside a modern work table with drafting papers and a digital tablet, pointing forward with hope. Show only the speaking character, never show both speakers in the same frame.","Looking upward and forward, eyes shining bright with positive expectation, smiling gently.","Olitun expressing optimism for progress, new opportunities, and future success."
lesson_sentences_conversational_2,Modern Conversational Exchanges II,cat_sentences_1778594024495,13,text,ᱟᱢ ᱫᱚ ᱞᱟᱜᱽᱬᱮ ᱮᱱᱮᱡ ᱮᱢ ᱠᱩᱥᱤᱭᱟᱜᱼᱟ?,Am do Lagne enej em kusiyaga? – Do you like the Lagne dance?,,,Ambition,Technology & Learning,Entrepreneurship,Learn something new,"Olitun performing a graceful, traditional dance movement, arms extended with elegance and joy. Show only the speaking character, never show both speakers in the same frame.","Determined forward-looking gaze, confident stance, finger pointing toward the distant horizon.","Olitun aiming high, showing aspiration for modern education and career path."
lesson_sentences_conversational_2,Modern Conversational Exchanges II,cat_sentences_1778594024495,14,text,"ᱦᱮᱸ, ᱞᱟᱜᱽᱬᱮ ᱮᱱᱮᱡ ᱟᱨ ᱥᱮᱨᱮᱧ ᱫᱚ ᱤᱧᱟᱜ ᱡᱤᱣᱤ ᱠᱟᱱᱟ","Hẽ, Lagne enej ar serenj do injaak jiwi kana – Yes, Lagne dance and song are my life.",,,Pride,Future Success,Leadership,Build confidence,"a young Santhal child classmate performing a graceful, traditional dance movement, arms extended with elegance and joy. Show only the speaking character, never show both speakers in the same frame.","Standing proud and tall, head high, shoulders back, holding cultural artifacts or projects.","a young Santhal child classmate celebrating cultural identity, heritage, and personal achievements."
lesson_sentences_conversational_2,Modern Conversational Exchanges II,cat_sentences_1778594024495,15,text,ᱛᱩᱢᱫᱟᱜ ᱟᱨ ᱴᱟᱢᱟᱠ ᱨᱮᱭᱟᱜ ᱥᱟᱰᱮ ᱫᱚ ᱟᱹᱰᱤ ᱥᱤᱵᱤᱞ ᱜᱮᱭᱟ,Tumdag ar tamak reyag sade do adi sibil geya – The sound of the clay drum and kettle drum is very sweet.,,,Hope,Modern World,Technology,Create something useful,"a young Santhal child classmate holding a handful of rich, dark soil, ready to plant seeds, looking hopeful and proud. Show only the speaking character, never show both speakers in the same frame.","Looking upward and forward, eyes shining bright with positive expectation, smiling gently.","a young Santhal child classmate expressing optimism for progress, new opportunities, and future success."
lesson_sentences_conversational_2,Modern Conversational Exchanges II,cat_sentences_1778594024495,16,text,ᱟᱢᱟᱜ ᱚᱲᱟᱜ ᱫᱚ ᱟᱹᱰᱤ ᱥᱟᱯᱷᱟ ᱟᱨ ᱪᱮᱦᱨᱟ ᱜᱮᱭᱟ,Amaak orag do adi sapha ar chehra geya – Your home is very clean and beautiful.,,,Ambition,Technology & Learning,Entrepreneurship,Learn something new,"Olitun stands beside a modern work table with drafting papers and a digital tablet, pointing forward with hope. Show only the speaking character, never show both speakers in the same frame.","Determined forward-looking gaze, confident stance, finger pointing toward the distant horizon.","Olitun aiming high, showing aspiration for modern education and career path."
lesson_sentences_conversational_2,Modern Conversational Exchanges II,cat_sentences_1778594024495,17,text,ᱟᱭᱳ ᱫᱚ ᱫᱤᱱᱟᱹᱢ ᱚᱲᱟᱜ ᱮ ᱥᱟᱯᱷᱟᱭᱟ ᱟᱨ ᱫᱟᱠᱟᱭᱟ,Ayo do dinam orag e saphaya ar dakaya – Mother cleans the house and cooks rice every day.,,,Pride,Future Success,Leadership,Build confidence,"A gentle Santhal mother smiling warmly as she helps a young Santhal child classmate adjust a neat shoulder bag. Show only the speaking character, never show both speakers in the same frame.","Standing proud and tall, head high, shoulders back, holding cultural artifacts or projects.","a young Santhal child classmate celebrating cultural identity, heritage, and personal achievements."
lesson_sentences_conversational_2,Modern Conversational Exchanges II,cat_sentences_1778594024495,18,text,"ᱵᱟᱵᱟ ᱫᱚ ᱴᱟᱺᱰᱤ ᱛᱮ ᱪᱟᱞᱟᱣ ᱟᱠᱟᱱᱟᱭ, ᱪᱟᱥ ᱠᱟᱹᱢᱤ ᱞᱟᱹᱜᱤᱫ","Baba do tandi te chalaw akanay, chas kami lagid – Father has gone to the field for farming.",,,Hope,Modern World,Technology,Create something useful,"A kind, tall Santhal father and Olitun standing side-by-side, sharing a warm moment as they look over a project. Show only the speaking character, never show both speakers in the same frame.","Looking upward and forward, eyes shining bright with positive expectation, smiling gently.","Olitun expressing optimism for progress, new opportunities, and future success."
lesson_sentences_conversational_2,Modern Conversational Exchanges II,cat_sentences_1778594024495,19,text,ᱟᱞᱮ ᱫᱚ ᱟᱹᱰᱤ ᱥᱟᱹᱫᱷᱩ ᱟᱨ ᱱᱟᱯᱟᱭ ᱡᱤᱣᱤ ᱞᱮ ᱠᱷᱟᱸᱰᱟᱣᱮᱫᱟ,Ale do adi sadhu ar napay jiwi le khandaweda – We live a very simple and peaceful life.,,,Ambition,Technology & Learning,Entrepreneurship,Learn something new,"a young Santhal child classmate works together with classmates around a table filled with building blocks and tablets, smiling with ambition. Show only the speaking character, never show both speakers in the same frame.","Determined forward-looking gaze, confident stance, finger pointing toward the distant horizon.","a young Santhal child classmate aiming high, showing aspiration for modern education and career path."
lesson_sentences_conversational_2,Modern Conversational Exchanges II,cat_sentences_1778594024495,20,text,ᱥᱤᱨᱡᱚᱱ ᱫᱩᱞᱟᱹᱲ ᱜᱮ ᱟᱞᱮᱭᱟᱜ ᱢᱟᱨᱟᱝ ᱫᱷᱚᱨᱚᱢ ᱠᱟᱱᱟ,Sirjon dular ge aleyaak marang dhorom kana – Love for nature is our great religion.,,,Pride,Future Success,Leadership,Build confidence,"Olitun stands beside a modern work table with drafting papers and a digital tablet, pointing forward with hope. Show only the speaking character, never show both speakers in the same frame.","Standing proud and tall, head high, shoulders back, holding cultural artifacts or projects.","Olitun celebrating cultural identity, heritage, and personal achievements."
lesson_sentences_conversational_2,Modern Conversational Exchanges II,cat_sentences_1778594024495,21,text,"ᱥᱟᱹᱨᱤ ᱠᱟᱛᱷᱟ ᱨᱚᱲ ᱢᱮ, ᱡᱤᱣᱤ ᱨᱮ ᱥᱩᱠᱷ ᱮᱢ ᱧᱟᱢᱟ","Sari katha ror me, jiwi re sukh em njama – Speak the truth, you will find happiness in life.",,,Hope,Modern World,Technology,Create something useful,"a young Santhal child classmate standing tall on a hill overlooking the village, looking forward with strong resolution. Show only the speaking character, never show both speakers in the same frame.","Looking upward and forward, eyes shining bright with positive expectation, smiling gently.","a young Santhal child classmate expressing optimism for progress, new opportunities, and future success."
lesson_sentences_conversational_3,Modern Conversational Exchanges III,cat_sentences_1778594024495,0,text,ᱟᱢ ᱫᱚ ᱛᱮᱦᱮᱧ ᱫᱤᱥᱚᱢ ᱫᱟᱨᱟᱱ ᱮᱢ ᱪᱟᱞᱟᱜ ᱠᱟᱱᱟ?,Am do tehenj disom daran em chalag kana? – Are you going to travel the country today?,,,Hope,Modern World,Technology,Create something useful,"Olitun stands beside a modern work table with drafting papers and a digital tablet, pointing forward with hope. Show only the speaking character, never show both speakers in the same frame.","Looking upward and forward, eyes shining bright with positive expectation, smiling gently.","Olitun expressing optimism for progress, new opportunities, and future success."
lesson_sentences_conversational_3,Modern Conversational Exchanges III,cat_sentences_1778594024495,1,text,"ᱦᱮᱸ, ᱤᱧ ᱫᱚ ᱱᱟᱶᱟ ᱟᱹᱛᱩ ᱟᱨ ᱱᱟᱶᱟ ᱦᱚᱲ ᱧᱮᱞ ᱤᱧ ᱪᱟᱞᱟᱜ ᱠᱟᱱᱟ","Hẽ, in do nawa atu ar nawa hor njel inj chalag kana – Yes, I am going to see new villages and new people.",,,Ambition,Technology & Learning,Entrepreneurship,Learn something new,"a young Santhal child classmate stands in a clean, modern learning space, gesturing toward a screen showing village success metrics. Show only the speaking character, never show both speakers in the same frame.","Determined forward-looking gaze, confident stance, finger pointing toward the distant horizon.","a young Santhal child classmate aiming high, showing aspiration for modern education and career path."
lesson_sentences_conversational_3,Modern Conversational Exchanges III,cat_sentences_1778594024495,2,text,ᱫᱤᱥᱚᱢ ᱫᱟᱨᱟᱱ ᱠᱟᱛᱮ ᱟᱹᱰᱤ ᱞᱮᱠᱟᱱ ᱜᱮᱭᱟᱱ ᱧᱟᱢᱚᱜᱼᱟ,Disom daran kate adi lekan geyan njamoga – Traveling the country brings many kinds of knowledge.,,,Pride,Future Success,Leadership,Build confidence,"Olitun stands under the bright sun, showcasing a creative blueprint of a village development project with pride. Show only the speaking character, never show both speakers in the same frame.","Standing proud and tall, head high, shoulders back, holding cultural artifacts or projects.","Olitun celebrating cultural identity, heritage, and personal achievements."
lesson_sentences_conversational_3,Modern Conversational Exchanges III,cat_sentences_1778594024495,3,text,"ᱟᱢᱟᱜ ᱡᱤᱣᱤ ᱡᱟᱞᱟ ᱨᱮ ᱫᱷᱤᱨᱚᱡᱽ ᱫᱚᱦᱚᱭ ᱢᱮ, ᱡᱤᱛᱠᱟᱹᱨ ᱮᱢ ᱧᱟᱢᱟ","Amaak jiwi jala re dhiroj dohoy me, jitkar em njama – Keep patience in your life struggles, you will achieve victory.",,,Hope,Modern World,Technology,Create something useful,"a young Santhal child classmate works together with classmates around a table filled with building blocks and tablets, smiling with ambition. Show only the speaking character, never show both speakers in the same frame.","Looking upward and forward, eyes shining bright with positive expectation, smiling gently.","a young Santhal child classmate expressing optimism for progress, new opportunities, and future success."
lesson_sentences_conversational_3,Modern Conversational Exchanges III,cat_sentences_1778594024495,4,text,"ᱢᱚᱱᱮ ᱠᱮᱴᱮᱡ ᱠᱟᱛᱮ ᱠᱟᱹᱢᱤ ᱢᱮ, ᱫᱟᱲᱮ ᱮᱢ ᱧᱟᱢᱟ","Mone ketej kate kami me, dare em njama – Work with a strong mind, you will find strength.",,,Ambition,Technology & Learning,Entrepreneurship,Learn something new,"Olitun carefully carrying out a task, like neatly filing books or designing a wooden model. Show only the speaking character, never show both speakers in the same frame.","Determined forward-looking gaze, confident stance, finger pointing toward the distant horizon.","Olitun aiming high, showing aspiration for modern education and career path."
lesson_sentences_conversational_3,Modern Conversational Exchanges III,cat_sentences_1778594024495,5,text,ᱟᱹᱛᱩ ᱨᱤᱱ ᱦᱚᱲ ᱫᱚ ᱵᱤᱨ ᱫᱟᱨᱮ ᱞᱮᱠᱟ ᱠᱮᱴᱮᱡ ᱜᱮᱭᱟ ᱠᱚ,Atu rin hor do bir dare leka ketej geya ko – The village people are as strong as the forest trees.,,,Pride,Future Success,Leadership,Build confidence,"a young Santhal child classmate planting a young green seedling in rich soil, showing care and responsibility for nature. Show only the speaking character, never show both speakers in the same frame.","Standing proud and tall, head high, shoulders back, holding cultural artifacts or projects.","a young Santhal child classmate celebrating cultural identity, heritage, and personal achievements."
lesson_sentences_conversational_3,Modern Conversational Exchanges III,cat_sentences_1778594024495,6,text,ᱫᱟᱨᱮ ᱥᱟᱠᱟᱢ ᱛᱮ ᱟᱹᱰᱤ ᱞᱮᱠᱟᱱ ᱨᱟᱱ ᱵᱮᱱᱟᱣᱚᱜᱼᱟ,Dare sakam te adi lekan ran benawoga – Many kinds of medicines are made from tree leaves.,,,Hope,Modern World,Technology,Create something useful,"Olitun planting a young green seedling in rich soil, showing care and responsibility for nature. Show only the speaking character, never show both speakers in the same frame.","Looking upward and forward, eyes shining bright with positive expectation, smiling gently.","Olitun expressing optimism for progress, new opportunities, and future success."
lesson_sentences_conversational_3,Modern Conversational Exchanges III,cat_sentences_1778594024495,7,text,ᱵᱤᱨ ᱵᱟᱧᱪᱟᱣ ᱞᱟᱹᱜᱤᱫ ᱟᱹᱛᱩ ᱦᱚᱲ ᱠᱚ ᱥᱟᱯᱲᱟᱣ ᱟᱠᱟᱱᱟ,Bir bancaw lagid atu hor ko sapraw akana – The villagers are ready to protect the forest.,,,Ambition,Technology & Learning,Entrepreneurship,Learn something new,"a young Santhal child classmate planting a young green seedling in rich soil, showing care and responsibility for nature. Show only the speaking character, never show both speakers in the same frame.","Determined forward-looking gaze, confident stance, finger pointing toward the distant horizon.","a young Santhal child classmate aiming high, showing aspiration for modern education and career path."
lesson_sentences_conversational_3,Modern Conversational Exchanges III,cat_sentences_1778594024495,8,text,ᱥᱚᱦᱨᱟᱭ ᱯᱚᱨᱚᱵ ᱨᱮ ᱟᱞᱮ ᱚᱲᱟᱜ ᱛᱮ ᱥᱟᱹᱜᱩᱱ ᱫᱟᱨᱟᱢ ᱢᱮᱱᱟᱜ ᱢᱮᱭᱟ,Sohrae porob re ale orag te sagun daram menag meya – You are welcome to our house during the Sohrae festival.,,,Pride,Future Success,Leadership,Build confidence,"Olitun stands beside a modern work table with drafting papers and a digital tablet, pointing forward with hope. Show only the speaking character, never show both speakers in the same frame.","Standing proud and tall, head high, shoulders back, holding cultural artifacts or projects.","Olitun celebrating cultural identity, heritage, and personal achievements."
lesson_sentences_conversational_3,Modern Conversational Exchanges III,cat_sentences_1778594024495,9,text,ᱟᱞᱮ ᱚᱲᱟᱜ ᱨᱮ ᱫᱚ ᱦᱟᱥᱟ ᱨᱮᱭᱟᱜ ᱟᱹᱰᱤ ᱱᱟᱯᱟᱭ ᱵᱷᱤᱛ ᱪᱤᱛᱟᱹᱨ ᱢᱮᱱᱟᱜᱼᱟ,Ale orag re do hasa reyag adi napay bhit citar menaga – There are very beautiful clay wall paintings in our home.,,,Hope,Modern World,Technology,Create something useful,"a young Santhal child classmate holding a handful of rich, dark soil, ready to plant seeds, looking hopeful and proud. Show only the speaking character, never show both speakers in the same frame.","Looking upward and forward, eyes shining bright with positive expectation, smiling gently.","a young Santhal child classmate expressing optimism for progress, new opportunities, and future success."
lesson_sentences_conversational_3,Modern Conversational Exchanges III,cat_sentences_1778594024495,10,text,ᱟᱭᱳ ᱫᱚ ᱦᱟᱥᱟ ᱵᱷᱤᱛ ᱨᱮ ᱟᱹᱰᱤ ᱪᱮᱦᱨᱟ ᱪᱤᱛᱟᱹᱨ ᱮ ᱵᱮᱱᱟᱣ ᱟᱠᱟᱫᱟ,Ayo do hasa bhit re adi chehra citar e benaw akada – Mother has drawn very beautiful paintings on the clay wall.,,,Ambition,Technology & Learning,Entrepreneurship,Learn something new,"A gentle Santhal mother smiling warmly as she helps Olitun adjust a neat shoulder bag. Show only the speaking character, never show both speakers in the same frame.","Determined forward-looking gaze, confident stance, finger pointing toward the distant horizon.","Olitun aiming high, showing aspiration for modern education and career path."
lesson_sentences_conversational_3,Modern Conversational Exchanges III,cat_sentences_1778594024495,11,text,ᱵᱟᱦᱟ ᱯᱚᱨᱚᱵ ᱨᱮ ᱥᱟᱨᱡᱚᱢ ᱵᱟᱦᱟ ᱛᱮ ᱵᱚᱸᱜᱟ ᱛᱷᱟᱱ ᱞᱮ ᱥᱟᱡᱟᱣᱟ,"Baha porob re sarjom baha te bonga than le sajawa – In the Baha festival, we decorate the place of worship with Sal flowers.",,,Pride,Future Success,Leadership,Build confidence,"a young Santhal child classmate holding a vibrant wild flower, smelling its scent with a happy, relaxed expression. Show only the speaking character, never show both speakers in the same frame.","Standing proud and tall, head high, shoulders back, holding cultural artifacts or projects.","a young Santhal child classmate celebrating cultural identity, heritage, and personal achievements."
lesson_sentences_conversational_3,Modern Conversational Exchanges III,cat_sentences_1778594024495,12,text,ᱜᱮᱭᱟᱱ ᱦᱚᱨ ᱨᱮ ᱞᱟᱦᱟᱜ ᱞᱟᱹᱜᱤᱫ ᱚᱞᱚᱜ ᱯᱟᱲᱦᱟᱣ ᱟᱹᱰᱤ ᱞᱟᱹᱠᱛᱤ ᱜᱮᱭᱟ,Geyan hor re lahag lagid olog parhaw adi lakti geya – Studying is very necessary to advance on the path of knowledge.,,,Hope,Modern World,Technology,Create something useful,"Olitun excitedly discovering knowledge inside a large, open picture book that glows with colorful patterns. Show only the speaking character, never show both speakers in the same frame.","Looking upward and forward, eyes shining bright with positive expectation, smiling gently.","Olitun expressing optimism for progress, new opportunities, and future success."
lesson_sentences_conversational_3,Modern Conversational Exchanges III,cat_sentences_1778594024495,13,text,ᱜᱩᱨᱩ ᱠᱚᱞᱚᱢ ᱛᱮ ᱟᱢᱟᱜ ᱧᱩᱛᱩᱢ ᱥᱮᱨᱢᱟ ᱨᱮ ᱚᱞ ᱢᱮ,Guru kolom te amaak nyutum serma re ol me – Write your name in the sky with the Guru's pen.,,,Ambition,Technology & Learning,Entrepreneurship,Learn something new,"a young Santhal child classmate writing clean Ol Chiki characters on a blackboard with chalk, standing tall with confidence. Show only the speaking character, never show both speakers in the same frame.","Determined forward-looking gaze, confident stance, finger pointing toward the distant horizon.","a young Santhal child classmate aiming high, showing aspiration for modern education and career path."
lesson_sentences_conversational_3,Modern Conversational Exchanges III,cat_sentences_1778594024495,14,text,ᱟᱹᱨᱤ ᱪᱟᱹᱞᱤ ᱟᱨ ᱞᱟᱠᱪᱟᱨ ᱫᱚ ᱟᱵᱚᱣᱟᱜ ᱢᱟᱨᱟᱝ ᱩᱯᱨᱩᱢ ᱠᱟᱱᱟ,Ari chali ar lakchar do abowaak marang uprum kana – Customs and culture are our great identity.,,,Pride,Future Success,Leadership,Build confidence,"Olitun stands under the bright sun, showcasing a creative blueprint of a village development project with pride. Show only the speaking character, never show both speakers in the same frame.","Standing proud and tall, head high, shoulders back, holding cultural artifacts or projects.","Olitun celebrating cultural identity, heritage, and personal achievements."
lesson_sentences_conversational_3,Modern Conversational Exchanges III,cat_sentences_1778594024495,15,text,ᱦᱮᱲᱮᱢ ᱨᱚᱲ ᱛᱮ ᱟᱹᱛᱩ ᱦᱚᱲ ᱢᱚᱱᱮ ᱨᱮ ᱡᱟᱭᱜᱟ ᱵᱮᱱᱟᱣ ᱢᱮ,Herem ror te atu hor mone re jayga benaw me – Make a place in the hearts of the villagers with sweet speech.,,,Hope,Modern World,Technology,Create something useful,"a young Santhal child classmate works together with classmates around a table filled with building blocks and tablets, smiling with ambition. Show only the speaking character, never show both speakers in the same frame.","Looking upward and forward, eyes shining bright with positive expectation, smiling gently.","a young Santhal child classmate expressing optimism for progress, new opportunities, and future success."
lesson_sentences_conversational_3,Modern Conversational Exchanges III,cat_sentences_1778594024495,16,text,ᱥᱤᱨᱡᱚᱱᱤᱭᱟᱹ ᱫᱚ ᱟᱹᱰᱤ ᱱᱟᱯᱟᱭ ᱛᱮ ᱱᱚᱶᱟ ᱫᱷᱟᱹᱨᱛᱤ ᱮ ᱥᱤᱨᱡᱚᱱ ᱟᱠᱟᱫᱟ,Sirjoniya do adi napay te nowa dharti e sirjon akada – The Creator has created this earth very beautifully.,,,Ambition,Technology & Learning,Entrepreneurship,Learn something new,"Olitun holding a handful of rich, dark soil, ready to plant seeds, looking hopeful and proud. Show only the speaking character, never show both speakers in the same frame.","Determined forward-looking gaze, confident stance, finger pointing toward the distant horizon.","Olitun aiming high, showing aspiration for modern education and career path."
lesson_sentences_conversational_3,Modern Conversational Exchanges III,cat_sentences_1778594024495,17,text,"ᱟᱢᱟᱜ ᱥᱟᱹᱨᱤ ᱢᱚᱱᱮ ᱛᱮ ᱠᱟᱹᱢᱤ ᱢᱮ, ᱥᱤᱨᱡᱚᱱᱤᱭᱟᱹ ᱟᱹᱥᱤᱥ ᱮ ᱮᱢᱟᱢᱟ","Amaak sari mone te kami me, sirjoniya asis e emama – Work with your honest heart, the Creator will bless you.",,,Pride,Future Success,Leadership,Build confidence,"a young Santhal child classmate carefully carrying out a task, like neatly filing books or designing a wooden model. Show only the speaking character, never show both speakers in the same frame.","Standing proud and tall, head high, shoulders back, holding cultural artifacts or projects.","a young Santhal child classmate celebrating cultural identity, heritage, and personal achievements."
lesson_sentences_conversational_3,Modern Conversational Exchanges III,cat_sentences_1778594024495,18,text,ᱥᱟᱱᱛᱟᱲᱤ ᱥᱟᱶᱦᱮᱫ ᱯᱟᱲᱦᱟᱣ ᱠᱟᱛᱮ ᱤᱧ ᱟᱹᱰᱤ ᱨᱟᱹᱥᱠᱟᱹᱧ ᱧᱟᱢ ᱠᱮᱫᱟ,Santali sawhet parhaw kate in adi raskanj njam keda – I found great joy by reading Santali literature.,,,Hope,Modern World,Technology,Create something useful,"a young Santhal child classmate excitedly discovering knowledge inside a large, open picture book that glows with colorful patterns. Show only the speaking character, never show both speakers in the same frame.","Looking upward and forward, eyes shining bright with positive expectation, smiling gently.","a young Santhal child classmate expressing optimism for progress, new opportunities, and future success."
lesson_sentences_conversational_3,Modern Conversational Exchanges III,cat_sentences_1778594024495,19,text,ᱟᱹᱵᱤᱱ ᱫᱚ ᱛᱮᱦᱮᱧ ᱚᱠᱟ ᱛᱮ ᱵᱤᱱ ᱪᱟᱞᱟᱜ ᱠᱟᱱᱟ?,Abin do tehenj oka te bin chalag kana? – Where are you two going today?,,,Ambition,Technology & Learning,Entrepreneurship,Learn something new,"Olitun works together with classmates around a table filled with building blocks and tablets, smiling with ambition. Show only the speaking character, never show both speakers in the same frame.","Determined forward-looking gaze, confident stance, finger pointing toward the distant horizon.","Olitun aiming high, showing aspiration for modern education and career path."
lesson_sentences_conversational_3,Modern Conversational Exchanges III,cat_sentences_1778594024495,20,text,"ᱟᱹᱞᱤᱧ ᱫᱚ ᱵᱤᱨ ᱛᱮ ᱞᱤᱧ ᱪᱟᱞᱟᱜ ᱠᱟᱱᱟ, ᱥᱟᱦᱟᱱ ᱞᱟᱹᱜᱤᱫ","Alinj do bir te linj chalag kana, sahan lagid – We two are going to the forest for firewood.",,,Pride,Future Success,Leadership,Build confidence,"Olitun looking at a crackling orange campfire, warm light reflecting on a happy, peaceful face. Show only the speaking character, never show both speakers in the same frame.","Standing proud and tall, head high, shoulders back, holding cultural artifacts or projects.","Olitun celebrating cultural identity, heritage, and personal achievements."
lesson_sentences_conversational_3,Modern Conversational Exchanges III,cat_sentences_1778594024495,21,text,"ᱱᱟᱯᱟᱭ ᱛᱮ ᱪᱟᱞᱟᱣ ᱠᱟᱛᱮ ᱨᱩᱣᱟᱹᱲ ᱦᱤᱡᱩᱜ ᱢᱮ, ᱡᱚᱦᱟᱨ","Napay te chalaw kate ruwar hijug me, johar – Go safely and return, greetings.",,,Hope,Modern World,Technology,Create something useful,"a young Santhal child classmate stands in a clean, modern learning space, gesturing toward a screen showing village success metrics. Show only the speaking character, never show both speakers in the same frame.","Looking upward and forward, eyes shining bright with positive expectation, smiling gently.","a young Santhal child classmate expressing optimism for progress, new opportunities, and future success."
lesson_sentences_folk_1,Cultural Proverbs & Wisdom I,cat_sentences_1778594024495,0,text,"ᱫᱟᱨᱮ ᱜᱮ ᱫᱷᱚᱱ ᱠᱟᱱᱟ, ᱚᱱᱟᱛᱮ ᱫᱟᱨᱮ ᱟᱞᱚᱢ ᱢᱟᱜᱟ","Dare ge dhon kana, onate dare alom maga – Trees are wealth, therefore do not cut trees.",,,Pride,Working Together,Leadership,Solve a problem,"Olitun planting a young green seedling in rich soil, showing care and responsibility for nature. Show only the speaking character, never show both speakers in the same frame.","Standing proud and tall, head high, shoulders back, holding cultural artifacts or projects.","Olitun celebrating cultural identity, heritage, and personal achievements."
lesson_sentences_folk_1,Cultural Proverbs & Wisdom I,cat_sentences_1778594024495,1,text,"ᱦᱚᱲ ᱨᱚᱲ ᱵᱩᱨᱩ ᱨᱚᱲ, ᱥᱟᱹᱨᱤ ᱠᱟᱛᱷᱟ ᱫᱚ ᱛᱤᱥᱦᱚᱸ ᱵᱟᱝ ᱵᱚᱫᱚᱞᱚᱜᱼᱟ","Hor ror buru ror, sari katha do tishon bang bodologa – Man's word is as firm as the hill; the truth never changes.",,,Pride,Dreaming Big,Leadership,Teach others,"a young Santhal child classmate standing tall on a hill overlooking the village, looking forward with strong resolution. Show only the speaking character, never show both speakers in the same frame.","Standing proud and tall, head high, shoulders back, holding cultural artifacts or projects.","a young Santhal child classmate celebrating cultural identity, heritage, and personal achievements."
lesson_sentences_folk_1,Cultural Proverbs & Wisdom I,cat_sentences_1778594024495,2,text,"ᱫᱟᱜ ᱨᱮ ᱡᱟᱱᱟᱢ ᱞᱮᱠᱟ, ᱟᱢᱟᱜ ᱢᱚᱱᱮ ᱫᱚ ᱥᱟᱯᱷᱟ ᱫᱚᱦᱚᱭ ᱢᱮ","Dag re janam leka, amaak mone do sapha dohoy me – Like being born in water, keep your heart clean.",,,Gratitude,Dreaming Big,Problem Solving,Create something useful,"Olitun drinking cool, clean water from a traditional clay pot, looking refreshed and happy. Show only the speaking character, never show both speakers in the same frame.","Slightly bowed head, hands held together or offering a token of appreciation, warm smile.",Olitun acknowledging and appreciating the kindness and efforts of others.
lesson_sentences_folk_1,Cultural Proverbs & Wisdom I,cat_sentences_1778594024495,3,text,ᱦᱟᱥᱟ ᱦᱚᱲᱢᱚ ᱫᱚ ᱢᱤᱫ ᱫᱤᱱ ᱦᱟᱥᱟ ᱨᱮ ᱜᱮ ᱢᱮᱥᱟᱜᱼᱟ,Hasa hormo do mid din hasa re ge mesaga – The clay body will one day mix into the clay.,,,Pride,Working Together,Leadership,Solve a problem,"a young Santhal child classmate holding a handful of rich, dark soil, ready to plant seeds, looking hopeful and proud. Show only the speaking character, never show both speakers in the same frame.","Standing proud and tall, head high, shoulders back, holding cultural artifacts or projects.","a young Santhal child classmate celebrating cultural identity, heritage, and personal achievements."
lesson_sentences_folk_1,Cultural Proverbs & Wisdom I,cat_sentences_1778594024495,4,text,"ᱥᱮᱸᱜᱮᱞ ᱡᱤᱣᱤ ᱛᱟᱹᱦᱮᱱ ᱠᱷᱟᱱ, ᱡᱟᱦᱟᱸ ᱠᱟᱹᱢᱤ ᱜᱮ ᱦᱩᱭ ᱫᱟᱲᱮᱭᱟᱜᱼᱟ","Sengel jiwi tahen khan, jaha kami ge huy dareyaga – If there is a fiery soul, any work can be accomplished.",,,Achievement,Exploring Nature,Creativity,Teach others,"Olitun carefully carrying out a task, like neatly filing books or designing a wooden model. Show only the speaking character, never show both speakers in the same frame.","Cheerful smile, hands raised in a small celebration or showing a finished project.","Olitun enjoying the reward of dedication, effort, and hard work."
lesson_sentences_folk_1,Cultural Proverbs & Wisdom I,cat_sentences_1778594024495,5,text,ᱦᱚᱭ ᱞᱮᱠᱟ ᱫᱟᱹᱲ ᱠᱟᱛᱮ ᱚᱠᱛᱚ ᱟᱞᱚᱢ ᱱᱚᱥᱴᱚᱭᱟ,Hoy leka dar kate okto alom nostoya – Do not waste time by running like the wind.,,,Gratitude,Dreaming Big,Problem Solving,Create something useful,"a young Santhal child classmate gestures toward a village map drawn on a board, explaining a plan to classmates with confidence. Show only the speaking character, never show both speakers in the same frame.","Slightly bowed head, hands held together or offering a token of appreciation, warm smile.",a young Santhal child classmate acknowledging and appreciating the kindness and efforts of others.
lesson_sentences_folk_1,Cultural Proverbs & Wisdom I,cat_sentences_1778594024495,6,text,ᱵᱤᱨ ᱩᱢᱩᱞ ᱨᱮ ᱫᱩᱲᱩᱵ ᱠᱟᱛᱮ ᱟᱹᱛᱩ ᱦᱚᱲ ᱠᱚ ᱡᱤᱨᱟᱹᱣ ᱠᱟᱱᱟ,Bir umul re durub kate atu hor ko jiraw kana – The villagers are resting by sitting under the forest's shade.,,,Pride,Working Together,Leadership,Solve a problem,"Olitun planting a young green seedling in rich soil, showing care and responsibility for nature. Show only the speaking character, never show both speakers in the same frame.","Standing proud and tall, head high, shoulders back, holding cultural artifacts or projects.","Olitun celebrating cultural identity, heritage, and personal achievements."
lesson_sentences_folk_1,Cultural Proverbs & Wisdom I,cat_sentences_1778594024495,7,text,ᱫᱟᱨᱮ ᱥᱟᱠᱟᱢ ᱛᱮ ᱟᱹᱛᱩ ᱨᱟᱱ ᱵᱮᱱᱟᱣ ᱠᱟᱛᱮ ᱦᱚᱲ ᱠᱚ ᱵᱮᱥᱚᱜᱼᱟ,Dare sakam te atu ran benaw kate hor ko besoga – People get cured by making village medicines from tree leaves.,,,Achievement,Exploring Nature,Creativity,Teach others,"a young Santhal child classmate holds a ripe, bright red pomegranate, showing its rich color with a proud and happy smile. Show only the speaking character, never show both speakers in the same frame.","Cheerful smile, hands raised in a small celebration or showing a finished project.","a young Santhal child classmate enjoying the reward of dedication, effort, and hard work."
lesson_sentences_folk_1,Cultural Proverbs & Wisdom I,cat_sentences_1778594024495,8,text,"ᱡᱤᱣᱤ ᱡᱟᱹᱞᱤ ᱨᱮ ᱛᱟᱹᱦᱮᱱ ᱞᱮᱠᱟ, ᱟᱵᱚ ᱥᱟᱱᱟᱢ ᱦᱚᱲ ᱡᱩᱢᱤᱫᱽ ᱛᱟᱦᱮᱸᱱ ᱞᱟᱹᱠᱛᱤ ᱜᱮᱭᱟ","Jiwi jhale re tahen leka, abo sanam hor jumid tahen lakti geya – As if living in the web of life, it is necessary for all of us to remain united.",,,Gratitude,Dreaming Big,Problem Solving,Create something useful,"Olitun stands with hands on hips, looking out over the village from a scenic hill, representing leadership. Show only the speaking character, never show both speakers in the same frame.","Slightly bowed head, hands held together or offering a token of appreciation, warm smile.",Olitun acknowledging and appreciating the kindness and efforts of others.
lesson_sentences_folk_1,Cultural Proverbs & Wisdom I,cat_sentences_1778594024495,9,text,ᱥᱟᱹᱨᱤ ᱥᱮᱨᱢᱟ ᱨᱮ ᱤᱯᱤᱞ ᱠᱚ ᱟᱹᱰᱤ ᱱᱟᱯᱟᱭ ᱠᱚ ᱡᱩᱞᱩᱜ ᱠᱟᱱᱟ,Sari serma re ipil ko adi napay ko julug kana – Stars shine very beautifully in the true heavens.,,,Pride,Working Together,Leadership,Solve a problem,"a young Santhal child classmate lying on a straw mat under a clear night sky, pointing at a shooting star in wonder. Show only the speaking character, never show both speakers in the same frame.","Standing proud and tall, head high, shoulders back, holding cultural artifacts or projects.","a young Santhal child classmate celebrating cultural identity, heritage, and personal achievements."
lesson_sentences_folk_1,Cultural Proverbs & Wisdom I,cat_sentences_1778594024495,10,text,ᱠᱩᱫᱩᱢ ᱠᱟᱛᱷᱟ ᱛᱮ ᱟᱹᱛᱩ ᱦᱟᱲᱟᱢ ᱫᱚ ᱜᱤᱫᱽᱨᱟᱹ ᱠᱚ ᱜᱮᱭᱟᱱ ᱮ ᱮᱢᱟ ᱠᱚᱣᱟ,Kudum katha te atu haram do gidra ko geyan e ema kowa – The village elder gives knowledge to children through riddles.,,,Pride,Exploring Nature,Leadership,Teach others,"Olitun sits in a circle with friends around a small fire, gesturing warmly while sharing a traditional story. Show only the speaking character, never show both speakers in the same frame.","Standing proud and tall, head high, shoulders back, holding cultural artifacts or projects.","Olitun celebrating cultural identity, heritage, and personal achievements."
lesson_sentences_folk_1,Cultural Proverbs & Wisdom I,cat_sentences_1778594024495,11,text,ᱵᱮᱱᱛᱟ ᱨᱚᱲ ᱛᱮ ᱟᱢᱟᱜ ᱠᱟᱛᱷᱟ ᱫᱚ ᱜᱟᱹᱦᱤᱨ ᱛᱮ ᱥᱚᱫᱚᱨ ᱢᱮ,Benta ror te amaak katha do gahir te sodor me – Present your words deeply with idiomatic speech.,,,Gratitude,Dreaming Big,Problem Solving,Create something useful,"a young Santhal child classmate stands proudly at a crossroads in the village, pointing toward a path of opportunity. Show only the speaking character, never show both speakers in the same frame.","Slightly bowed head, hands held together or offering a token of appreciation, warm smile.",a young Santhal child classmate acknowledging and appreciating the kindness and efforts of others.
lesson_sentences_folk_1,Cultural Proverbs & Wisdom I,cat_sentences_1778594024495,12,text,ᱦᱟᱲᱟᱢ ᱠᱟᱛᱷᱟ ᱫᱚ ᱟᱵᱚᱣᱟᱜ ᱡᱤᱣᱤ ᱨᱮ ᱥᱟᱹᱨᱤ ᱦᱚᱨ ᱮ ᱩᱫᱩᱜᱼᱟ,Haram katha do abowaak jiwi re sari hor e uduga – Ancestral wisdom shows the true path in our lives.,,,Pride,Dreaming Big,Leadership,Teach others,"Olitun standing tall on a hill overlooking the village, looking forward with strong resolution. Show only the speaking character, never show both speakers in the same frame.","Standing proud and tall, head high, shoulders back, holding cultural artifacts or projects.","Olitun celebrating cultural identity, heritage, and personal achievements."
lesson_sentences_folk_1,Cultural Proverbs & Wisdom I,cat_sentences_1778594024495,13,text,ᱵᱩᱰᱷᱤ ᱩᱭᱦᱟᱹᱨ ᱛᱮ ᱚᱲᱟᱜ ᱨᱮᱭᱟᱜ ᱜᱷᱟᱨᱚᱸᱡᱽ ᱫᱚ ᱱᱟᱯᱟᱭ ᱛᱮ ᱛᱟᱦᱮᱸᱱᱟ,Budhi uyhar te orag reyag gharonj do napay te tahena – The household remains peaceful with the wise grandmother's advice.,,,Achievement,Exploring Nature,Creativity,Teach others,"A gentle Santhal mother smiling warmly as she helps a young Santhal child classmate adjust a neat shoulder bag. Show only the speaking character, never show both speakers in the same frame.","Cheerful smile, hands raised in a small celebration or showing a finished project.","a young Santhal child classmate enjoying the reward of dedication, effort, and hard work."
lesson_sentences_folk_1,Cultural Proverbs & Wisdom I,cat_sentences_1778594024495,14,text,ᱟᱹᱛᱩ ᱟᱹᱨᱤ ᱞᱮᱠᱟᱛᱮ ᱥᱟᱱᱟᱢ ᱯᱚᱨᱚᱵ ᱞᱮ ᱢᱟᱱᱟᱣᱟ,Atu ari lekate sanam porob le manawa – We celebrate all festivals according to the village customs.,,,Gratitude,Dreaming Big,Problem Solving,Create something useful,"Olitun sits in a circle with friends around a small fire, gesturing warmly while sharing a traditional story. Show only the speaking character, never show both speakers in the same frame.","Slightly bowed head, hands held together or offering a token of appreciation, warm smile.",Olitun acknowledging and appreciating the kindness and efforts of others.
lesson_sentences_folk_1,Cultural Proverbs & Wisdom I,cat_sentences_1778594024495,15,text,ᱡᱩᱢᱤᱫᱽ ᱫᱟᱲᱮ ᱜᱮ ᱥᱟᱱᱛᱟᱲ ᱥᱚᱢᱟᱡᱽ ᱨᱮᱭᱟᱜ ᱢᱟᱨᱟᱝ ᱛᱷᱟᱹᱭ ᱠᱟᱱᱟ,Jumid dare ge Santal somaj reyag marang thay kana – Unity is the great pillar of the Santal society.,,,Pride,Working Together,Leadership,Solve a problem,"a young Santhal child classmate stands proudly at a crossroads in the village, pointing toward a path of opportunity. Show only the speaking character, never show both speakers in the same frame.","Standing proud and tall, head high, shoulders back, holding cultural artifacts or projects.","a young Santhal child classmate celebrating cultural identity, heritage, and personal achievements."
lesson_sentences_folk_1,Cultural Proverbs & Wisdom I,cat_sentences_1778594024495,16,text,ᱥᱚᱦᱨᱟᱭ ᱥᱮᱨᱮᱧ ᱟᱸᱡᱚᱢ ᱠᱟᱛᱮ ᱡᱤᱣᱤ ᱨᱟᱹᱥᱠᱟᱹ ᱛᱮ ᱯᱮᱨᱮᱡᱚᱜᱼᱟ,Sohrae serenj anjom kate jiwi raska te perejoga – Listening to Sohrae songs fills the soul with joy.,,,Achievement,Exploring Nature,Creativity,Teach others,"Olitun stands with hands on hips, looking out over the village from a scenic hill, representing leadership. Show only the speaking character, never show both speakers in the same frame.","Cheerful smile, hands raised in a small celebration or showing a finished project.","Olitun enjoying the reward of dedication, effort, and hard work."
lesson_sentences_folk_1,Cultural Proverbs & Wisdom I,cat_sentences_1778594024495,17,text,ᱵᱟᱦᱟ ᱥᱟᱠᱟᱢ ᱨᱮ ᱥᱟᱨᱡᱚᱢ ᱵᱟᱦᱟ ᱫᱚᱦᱚ ᱠᱟᱛᱮ ᱞᱮ ᱵᱚᱸᱜᱟᱭᱟ,Baha sakam re sarjom baha doho kate le bongaya – We worship by keeping Sal flowers on Baha leaves.,,,Gratitude,Dreaming Big,Problem Solving,Create something useful,"a young Santhal child classmate holding a vibrant wild flower, smelling its scent with a happy, relaxed expression. Show only the speaking character, never show both speakers in the same frame.","Slightly bowed head, hands held together or offering a token of appreciation, warm smile.",a young Santhal child classmate acknowledging and appreciating the kindness and efforts of others.
lesson_sentences_folk_1,Cultural Proverbs & Wisdom I,cat_sentences_1778594024495,18,text,ᱡᱟᱦᱮᱨ ᱩᱢᱩᱞ ᱨᱮ ᱟᱞᱮ ᱫᱚ ᱥᱟᱱᱟᱢ ᱦᱚᱲ ᱱᱟᱯᱟᱭ ᱛᱮ ᱞᱮ ᱛᱟᱦᱮᱸᱱᱟ,"Jaher umul re ale do sanam hor napay te le tahena – Under the protection of the sacred grove, we all live peacefully.",,,Pride,Working Together,Leadership,Solve a problem,"Olitun holds a ripe, bright red pomegranate, showing its rich color with a proud and happy smile. Show only the speaking character, never show both speakers in the same frame.","Standing proud and tall, head high, shoulders back, holding cultural artifacts or projects.","Olitun celebrating cultural identity, heritage, and personal achievements."
lesson_sentences_folk_1,Cultural Proverbs & Wisdom I,cat_sentences_1778594024495,19,text,ᱢᱟᱹᱧᱡᱷᱤ ᱵᱤᱪᱟᱹᱨ ᱫᱚ ᱥᱟᱱᱟᱢ ᱦᱚᱲ ᱠᱚ ᱢᱟᱱᱟᱣ ᱵᱟᱛᱟᱣᱟ,Manjhi bicar do sanam hor ko manaw batawa – Everyone respects and accepts the headman's judgment.,,,Achievement,Exploring Nature,Creativity,Teach others,"a young Santhal child classmate stands proudly at a crossroads in the village, pointing toward a path of opportunity. Show only the speaking character, never show both speakers in the same frame.","Cheerful smile, hands raised in a small celebration or showing a finished project.","a young Santhal child classmate enjoying the reward of dedication, effort, and hard work."
lesson_sentences_folk_1,Cultural Proverbs & Wisdom I,cat_sentences_1778594024495,20,text,ᱦᱚᱲ ᱫᱷᱚᱨᱚᱢ ᱞᱮᱠᱟᱛᱮ ᱡᱤᱣᱤ ᱠᱷᱟᱸᱰᱟᱣ ᱜᱮ ᱥᱟᱹᱨᱤ ᱦᱚᱨ ᱠᱟᱱᱟ,Hor dhorom lekate jiwi khandaw ge sari hor kana – Living life according to the Santal way is the true path.,,,Gratitude,Dreaming Big,Problem Solving,Create something useful,"Olitun stands with hands on hips, looking out over the village from a scenic hill, representing leadership. Show only the speaking character, never show both speakers in the same frame.","Slightly bowed head, hands held together or offering a token of appreciation, warm smile.",Olitun acknowledging and appreciating the kindness and efforts of others.
lesson_sentences_folk_1,Cultural Proverbs & Wisdom I,cat_sentences_1778594024495,21,text,ᱥᱤᱨᱡᱚᱱ ᱫᱩᱞᱟᱹᱲ ᱜᱮ ᱟᱵᱚ ᱥᱟᱱᱟᱢ ᱦᱚᱲ ᱡᱤᱣᱤ ᱨᱮ ᱫᱚᱦᱚ ᱞᱟᱹᱠᱛᱤ ᱠᱟᱱᱟ,Sirjon dular ge abo sanam hor jiwi re doho lakti kana – It is necessary for all of us to keep love for nature in our lives.,,,Pride,Working Together,Leadership,Solve a problem,"a young Santhal child classmate gestures toward a village map drawn on a board, explaining a plan to classmates with confidence. Show only the speaking character, never show both speakers in the same frame.","Standing proud and tall, head high, shoulders back, holding cultural artifacts or projects.","a young Santhal child classmate celebrating cultural identity, heritage, and personal achievements."
lesson_sentences_folk_2,Cultural Proverbs & Wisdom II,cat_sentences_1778594024495,0,text,"ᱚᱛ ᱦᱟᱥᱟ ᱫᱚ ᱟᱵᱚᱣᱟᱜ ᱡᱟᱱᱟᱢ ᱟᱭᱳ ᱠᱟᱱᱟ, ᱚᱱᱟ ᱫᱚ ᱥᱟᱨᱦᱟᱣ ᱢᱮ","Ot hasa do abowaak janam ayo kana, ona do sarhaw me – Land and soil are our birth mother; appreciate them.",,,Pride,Working Together,Leadership,Solve a problem,"A gentle Santhal mother smiling warmly as she helps Olitun adjust a neat shoulder bag. Show only the speaking character, never show both speakers in the same frame.","Standing proud and tall, head high, shoulders back, holding cultural artifacts or projects.","Olitun celebrating cultural identity, heritage, and personal achievements."
lesson_sentences_folk_2,Cultural Proverbs & Wisdom II,cat_sentences_1778594024495,1,text,ᱵᱤᱨ ᱡᱟᱱᱣᱟᱨ ᱠᱚ ᱵᱟᱧᱪᱟᱣ ᱫᱚ ᱵᱤᱨ ᱨᱮᱭᱟᱜ ᱥᱩᱱᱫᱚᱨ ᱠᱟᱱᱟ,Bir janwar ko bancaw do bir reyag sundor kana – Protecting wild beasts is the beauty of the forest.,,,Achievement,Exploring Nature,Creativity,Teach others,"a young Santhal child classmate planting a young green seedling in rich soil, showing care and responsibility for nature. Show only the speaking character, never show both speakers in the same frame.","Cheerful smile, hands raised in a small celebration or showing a finished project.","a young Santhal child classmate enjoying the reward of dedication, effort, and hard work."
lesson_sentences_folk_2,Cultural Proverbs & Wisdom II,cat_sentences_1778594024495,2,text,ᱥᱟᱹᱜᱩᱱ ᱥᱟᱠᱟᱢ ᱛᱮ ᱟᱹᱛᱩ ᱦᱚᱲ ᱠᱚ ᱱᱟᱶᱟ ᱥᱟᱹᱜᱩᱱ ᱠᱚ ᱧᱟᱢᱟ,"Sagun sakam te atu hor ko nawa sagun ko njama – Through the auspicious leaf, the villagers receive new good omens.",,,Gratitude,Dreaming Big,Problem Solving,Create something useful,"Olitun collecting fallen autumn leaves in a basket, helping to clean the yard with a smile. Show only the speaking character, never show both speakers in the same frame.","Slightly bowed head, hands held together or offering a token of appreciation, warm smile.",Olitun acknowledging and appreciating the kindness and efforts of others.
lesson_sentences_folk_2,Cultural Proverbs & Wisdom II,cat_sentences_1778594024495,3,text,ᱢᱟᱹᱱᱢᱤ ᱜᱮᱭᱟᱱ ᱛᱮ ᱱᱚᱶᱟ ᱫᱷᱟᱹᱨᱛᱤ ᱟᱹᱰᱤ ᱱᱟᱯᱟᱭ ᱛᱮ ᱪᱟᱞᱟᱜ ᱠᱟᱱᱟ,"Manmi geyan te nowa dharti adi napay te chalag kana – With human wisdom, this earth functions very beautifully.",,,Pride,Dreaming Big,Leadership,Teach others,"a young Santhal child classmate holding a handful of rich, dark soil, ready to plant seeds, looking hopeful and proud. Show only the speaking character, never show both speakers in the same frame.","Standing proud and tall, head high, shoulders back, holding cultural artifacts or projects.","a young Santhal child classmate celebrating cultural identity, heritage, and personal achievements."
lesson_sentences_folk_2,Cultural Proverbs & Wisdom II,cat_sentences_1778594024495,4,text,ᱜᱚᱡ ᱜᱤᱰᱤ ᱞᱮᱠᱟ ᱵᱟᱹᱲᱤᱡ ᱠᱟᱛᱷᱟ ᱫᱚ ᱢᱚᱱᱮ ᱠᱷᱚᱱ ᱜᱤᱰᱤ ᱠᱟᱜ ᱢᱮ,Goj gidi leka barij katha do mone khon gidi kag me – Throw away bad thoughts from the heart like discarded waste.,,,Achievement,Exploring Nature,Creativity,Teach others,"Olitun stands with hands on hips, looking out over the village from a scenic hill, representing leadership. Show only the speaking character, never show both speakers in the same frame.","Cheerful smile, hands raised in a small celebration or showing a finished project.","Olitun enjoying the reward of dedication, effort, and hard work."
lesson_sentences_folk_2,Cultural Proverbs & Wisdom II,cat_sentences_1778594024495,5,text,"ᱡᱤᱣᱤ ᱛᱚᱞ ᱠᱟᱛᱮ ᱡᱟᱦᱟᱸᱭ ᱠᱟᱹᱢᱤᱭᱟ, ᱩᱱᱤ ᱫᱚ ᱡᱤᱛᱠᱟᱹᱨ ᱜᱮᱭᱟᱭ","Jiwi tol kate jahay kamiya, uni do jitkar geyay – Whoever works with dedicated soul is victorious.",,,Gratitude,Dreaming Big,Problem Solving,Create something useful,"Olitun carefully carrying out a task, like neatly filing books or designing a wooden model. Show only the speaking character, never show both speakers in the same frame.","Slightly bowed head, hands held together or offering a token of appreciation, warm smile.",Olitun acknowledging and appreciating the kindness and efforts of others.
lesson_sentences_folk_2,Cultural Proverbs & Wisdom II,cat_sentences_1778594024495,6,text,ᱢᱚᱱᱮ ᱛᱷᱟᱹᱭ ᱠᱟᱛᱮ ᱟᱢᱟᱜ ᱜᱮᱭᱟᱱ ᱦᱚᱨ ᱨᱮ ᱞᱟᱦᱟᱜ ᱢᱮ,Mone thay kate amaak geyan hor re lahag me – Advance on your path of knowledge with a firm decision.,,,Pride,Working Together,Leadership,Solve a problem,"Olitun sits in a circle with friends around a small fire, gesturing warmly while sharing a traditional story. Show only the speaking character, never show both speakers in the same frame.","Standing proud and tall, head high, shoulders back, holding cultural artifacts or projects.","Olitun celebrating cultural identity, heritage, and personal achievements."
lesson_sentences_folk_2,Cultural Proverbs & Wisdom II,cat_sentences_1778594024495,7,text,"ᱞᱩᱴᱤ ᱡᱚᱢ ᱠᱟᱛᱮ ᱦᱚᱲ ᱟᱞᱚᱢ ᱮᱲᱮ ᱠᱚᱣᱟ, ᱥᱟᱹᱨᱤ ᱠᱟᱛᱷᱟ ᱨᱚᱲ ᱢᱮ","Luti jom kate hor alom ere kowa, sari katha ror me – Do not deceive people with false promises; speak the truth.",,,Pride,Dreaming Big,Leadership,Teach others,"a young Santhal child classmate standing tall on a hill overlooking the village, looking forward with strong resolution. Show only the speaking character, never show both speakers in the same frame.","Standing proud and tall, head high, shoulders back, holding cultural artifacts or projects.","a young Santhal child classmate celebrating cultural identity, heritage, and personal achievements."
lesson_sentences_folk_2,Cultural Proverbs & Wisdom II,cat_sentences_1778594024495,8,text,"ᱢᱩ ᱛᱮ ᱨᱟᱠᱟᱵ ᱞᱮᱠᱟ ᱨᱟᱸᱜᱟᱣ ᱫᱚ ᱢᱚᱱᱮ ᱵᱟᱹᱲᱤᱡᱟ, ᱥᱟᱱᱛ ᱛᱟᱦᱮᱸᱱ ᱢᱮ","Mu te rakab leka rangaw do mone barija, sant tahen me – Anger like flaring nostrils ruins the heart; remain calm.",,,Gratitude,Dreaming Big,Problem Solving,Create something useful,"Olitun stands with hands on hips, looking out over the village from a scenic hill, representing leadership. Show only the speaking character, never show both speakers in the same frame.","Slightly bowed head, hands held together or offering a token of appreciation, warm smile.",Olitun acknowledging and appreciating the kindness and efforts of others.
lesson_sentences_folk_2,Cultural Proverbs & Wisdom II,cat_sentences_1778594024495,9,text,"ᱫᱟᱜ ᱫᱷᱤᱨᱤ ᱞᱮᱠᱟ ᱢᱚᱱᱮ ᱫᱚ ᱟᱞᱚᱢ ᱠᱮᱴᱮᱡᱟ, ᱫᱟᱭᱟ ᱫᱚᱦᱚᱭ ᱢᱮ","Dag dhiri leka mone do alom keteja, daya dohoy me – Do not harden your heart like a wet stone; keep kindness.",,,Pride,Working Together,Leadership,Solve a problem,"a young Santhal child classmate gestures toward a village map drawn on a board, explaining a plan to classmates with confidence. Show only the speaking character, never show both speakers in the same frame.","Standing proud and tall, head high, shoulders back, holding cultural artifacts or projects.","a young Santhal child classmate celebrating cultural identity, heritage, and personal achievements."
lesson_sentences_folk_2,Cultural Proverbs & Wisdom II,cat_sentences_1778594024495,10,text,ᱵᱤᱨ ᱫᱟᱨᱮ ᱞᱮᱠᱟ ᱟᱵᱚ ᱥᱟᱱᱟᱢ ᱦᱚᱲ ᱠᱮᱴᱮᱡ ᱛᱟᱦᱮᱸᱱ ᱞᱟᱹᱠᱛᱤ ᱠᱟᱱᱟ,"Bir dare leka abo sanam hor ketej tahen lakti kana – Like forest trees, we all need to stand strong.",,,Achievement,Exploring Nature,Creativity,Teach others,"Olitun planting a young green seedling in rich soil, showing care and responsibility for nature. Show only the speaking character, never show both speakers in the same frame.","Cheerful smile, hands raised in a small celebration or showing a finished project.","Olitun enjoying the reward of dedication, effort, and hard work."
lesson_sentences_folk_2,Cultural Proverbs & Wisdom II,cat_sentences_1778594024495,11,text,"ᱦᱟᱥᱟ ᱚᱲᱟᱜ ᱨᱮ ᱛᱟᱹᱦᱮᱱ ᱨᱮᱦᱚᱸ, ᱢᱚᱱᱮ ᱫᱚ ᱥᱚᱱᱟ ᱞᱮᱠᱟ ᱫᱚᱦᱚᱭ ᱢᱮ","Hasa orag re tahen rehon, mone do sona leka dohoy me – Even though living in a mud house, keep the heart like gold.",,,Gratitude,Dreaming Big,Problem Solving,Create something useful,"a young Santhal child classmate works with rich brown clay, sculpting a small toy pot with focused, creative hands. Show only the speaking character, never show both speakers in the same frame.","Slightly bowed head, hands held together or offering a token of appreciation, warm smile.",a young Santhal child classmate acknowledging and appreciating the kindness and efforts of others.
lesson_sentences_folk_2,Cultural Proverbs & Wisdom II,cat_sentences_1778594024495,12,text,ᱥᱮᱨᱢᱟ ᱤᱯᱤᱞ ᱞᱮᱠᱟ ᱟᱢᱟᱜ ᱡᱤᱣᱤ ᱫᱚ ᱥᱟᱱᱟᱢ ᱦᱚᱲ ᱜᱮᱭᱟᱱ ᱮᱢᱟ ᱠᱚᱣᱟ,"Serma ipil leka amaak jiwi do sanam hor geyan ema kowa – Like heavenly stars, let your life give knowledge to everyone.",,,Pride,Working Together,Leadership,Solve a problem,"Olitun lying on a straw mat under a clear night sky, pointing at a shooting star in wonder. Show only the speaking character, never show both speakers in the same frame.","Standing proud and tall, head high, shoulders back, holding cultural artifacts or projects.","Olitun celebrating cultural identity, heritage, and personal achievements."
lesson_sentences_folk_2,Cultural Proverbs & Wisdom II,cat_sentences_1778594024495,13,text,ᱧᱤᱫᱟᱹ ᱩᱢᱩᱞ ᱞᱮᱠᱟ ᱵᱟᱹᱲᱤᱡ ᱚᱠᱛᱚ ᱦᱚᱸ ᱢᱤᱫ ᱫᱤᱱ ᱯᱟᱨᱚᱢᱚᱜ ᱜᱮᱭᱟ,"Njida umul leka barij okto ho mid din paromog geya – Like the night shadow, bad times will also pass one day.",,,Achievement,Exploring Nature,Creativity,Teach others,"a young Santhal child classmate gestures toward a village map drawn on a board, explaining a plan to classmates with confidence. Show only the speaking character, never show both speakers in the same frame.","Cheerful smile, hands raised in a small celebration or showing a finished project.","a young Santhal child classmate enjoying the reward of dedication, effort, and hard work."
lesson_sentences_folk_2,Cultural Proverbs & Wisdom II,cat_sentences_1778594024495,14,text,ᱥᱤᱸᱜᱮ ᱥᱤᱛᱩᱝ ᱨᱮ ᱠᱟᱹᱢᱤ ᱠᱟᱛᱮ ᱦᱚᱸ ᱟᱹᱛᱩ ᱦᱚᱲ ᱫᱚ ᱠᱚ ᱞᱟᱸᱫᱟᱭᱟ,"Singe situng re kami kate hon atu hor do ko landaya – Even working in the scorching sun, the villagers laugh.",,,Gratitude,Dreaming Big,Problem Solving,Create something useful,"Olitun looking up at the warm morning sun rising over the hills, eyes filled with hope. Show only the speaking character, never show both speakers in the same frame.","Slightly bowed head, hands held together or offering a token of appreciation, warm smile.",Olitun acknowledging and appreciating the kindness and efforts of others.
lesson_sentences_folk_2,Cultural Proverbs & Wisdom II,cat_sentences_1778594024495,15,text,ᱨᱤᱢᱤᱞ ᱫᱟᱜ ᱛᱮ ᱚᱛ ᱦᱟᱥᱟ ᱫᱚ ᱟᱹᱰᱤ ᱱᱟᱯᱟᱭ ᱛᱮ ᱞᱚᱦᱚᱫᱚᱜᱼᱟ,"Rimil dag te ot hasa do adi napay te lohodoga – With cloud rain, the soil gets beautifully soaked.",,,Pride,Working Together,Leadership,Solve a problem,"a young Santhal child classmate standing under a shelter, watching fresh raindrops fall on green leaves, smiling with curiosity. Show only the speaking character, never show both speakers in the same frame.","Standing proud and tall, head high, shoulders back, holding cultural artifacts or projects.","a young Santhal child classmate celebrating cultural identity, heritage, and personal achievements."
lesson_sentences_folk_2,Cultural Proverbs & Wisdom II,cat_sentences_1778594024495,16,text,ᱦᱚᱲ ᱦᱚᱨᱢᱚ ᱨᱮ ᱥᱟᱹᱨᱤ ᱢᱚᱱᱮ ᱫᱚᱦᱚ ᱜᱮ ᱥᱟᱹᱨᱤ ᱢᱟᱹᱱᱢᱤ ᱠᱟᱱᱟ,Hor hormo re sari mone doho ge sari manmi kana – Keeping an honest heart in the human body is being a true human.,,,Achievement,Exploring Nature,Creativity,Teach others,"Olitun stands with hands on hips, looking out over the village from a scenic hill, representing leadership. Show only the speaking character, never show both speakers in the same frame.","Cheerful smile, hands raised in a small celebration or showing a finished project.","Olitun enjoying the reward of dedication, effort, and hard work."
lesson_sentences_folk_2,Cultural Proverbs & Wisdom II,cat_sentences_1778594024495,17,text,ᱥᱤᱵᱤᱞ ᱥᱟᱹᱜᱟᱹᱭ ᱛᱮ ᱟᱹᱛᱩ ᱨᱤᱱ ᱥᱟᱱᱟᱢ ᱦᱚᱲ ᱡᱩᱢᱤᱫᱽ ᱢᱮᱱᱟᱜ ᱠᱚᱣᱟ,Sibil sagay te atu rin sanam hor jumid menag kowa – All the villagers are united with affectionate bonding.,,,Gratitude,Dreaming Big,Problem Solving,Create something useful,"a young Santhal child classmate gestures toward a village map drawn on a board, explaining a plan to classmates with confidence. Show only the speaking character, never show both speakers in the same frame.","Slightly bowed head, hands held together or offering a token of appreciation, warm smile.",a young Santhal child classmate acknowledging and appreciating the kindness and efforts of others.
lesson_sentences_folk_2,Cultural Proverbs & Wisdom II,cat_sentences_1778594024495,18,text,ᱢᱚᱱᱮ ᱠᱮᱴᱮᱡ ᱠᱟᱛᱮ ᱟᱢᱟᱜ ᱡᱤᱣᱤ ᱨᱮᱭᱟᱜ ᱞᱟᱹᱲᱦᱟᱹᱭ ᱨᱮ ᱡᱤᱛᱠᱟᱹᱨ ᱢᱮ,Mone ketej kate amaak jiwi reyag larhay re jitkar me – Win the battle of your life with a strong mind.,,,Pride,Working Together,Leadership,Solve a problem,"Olitun sits in a circle with friends around a small fire, gesturing warmly while sharing a traditional story. Show only the speaking character, never show both speakers in the same frame.","Standing proud and tall, head high, shoulders back, holding cultural artifacts or projects.","Olitun celebrating cultural identity, heritage, and personal achievements."
lesson_sentences_folk_2,Cultural Proverbs & Wisdom II,cat_sentences_1778594024495,19,text,ᱡᱤᱣᱤ ᱨᱟᱲᱟ ᱠᱟᱛᱮ ᱥᱤᱨᱡᱚᱱᱤᱭᱟᱹ ᱥᱟᱶ ᱢᱤᱫ ᱢᱮᱱᱟᱜ ᱢᱮᱭᱟ,"Jiwi rara kate sirjoniya saw mid menag meya – With liberated soul, you are one with the Creator.",,,Achievement,Exploring Nature,Creativity,Teach others,"a young Santhal child classmate stands proudly at a crossroads in the village, pointing toward a path of opportunity. Show only the speaking character, never show both speakers in the same frame.","Cheerful smile, hands raised in a small celebration or showing a finished project.","a young Santhal child classmate enjoying the reward of dedication, effort, and hard work."
lesson_sentences_folk_2,Cultural Proverbs & Wisdom II,cat_sentences_1778594024495,20,text,ᱫᱩᱞᱟᱹᱲ ᱜᱟᱹᱰᱤ ᱞᱮᱠᱟ ᱟᱢᱟᱜ ᱡᱤᱣᱤ ᱫᱚ ᱫᱟᱭᱟ ᱛᱮ ᱯᱮᱨᱮᱡ ᱠᱟᱜ ᱢᱮ,"Dular gadi leka amaak jiwi do daya te perej kag me – Like a vehicle of love, fill your life with kindness.",,,Gratitude,Dreaming Big,Problem Solving,Create something useful,"Olitun stands with hands on hips, looking out over the village from a scenic hill, representing leadership. Show only the speaking character, never show both speakers in the same frame.","Slightly bowed head, hands held together or offering a token of appreciation, warm smile.",Olitun acknowledging and appreciating the kindness and efforts of others.
lesson_sentences_folk_2,Cultural Proverbs & Wisdom II,cat_sentences_1778594024495,21,text,ᱥᱟᱹᱨᱤ ᱜᱩᱨᱩ ᱣᱟᱜ ᱜᱮᱭᱟᱱ ᱫᱚ ᱟᱵᱚ ᱥᱟᱱᱟᱢ ᱦᱚᱲ ᱥᱟᱹᱨᱤ ᱦᱚᱨ ᱮ ᱩᱫᱩᱜ ᱟᱵᱚᱣᱟ,Sari guru waak geyan do abo sanam hor sari hor e udug abowa – The true teacher's knowledge shows all of us the path of truth.,,,Pride,Dreaming Big,Leadership,Teach others,"Olitun standing tall on a hill overlooking the village, looking forward with strong resolution. Show only the speaking character, never show both speakers in the same frame.","Standing proud and tall, head high, shoulders back, holding cultural artifacts or projects.","Olitun celebrating cultural identity, heritage, and personal achievements."
lesson_sentences_folk_2,Cultural Proverbs & Wisdom II,cat_sentences_1778594024495,22,text,ᱜᱮᱭᱟᱱ ᱫᱚᱨᱭᱟ ᱨᱮ ᱰᱩᱵᱩᱡ ᱠᱟᱛᱮ ᱥᱟᱹᱨᱤ ᱢᱟᱹᱱᱤᱠ ᱮᱢ ᱧᱟᱢ ᱫᱟᱲᱮᱭᱟᱜᱼᱟ,"Geyan dorya re dubuj kate sari manik em njam dareyaga – By diving into the ocean of knowledge, you can find the true pearl.",,,Achievement,Exploring Nature,Creativity,Teach others,"Olitun sits in a circle with friends around a small fire, gesturing warmly while sharing a traditional story. Show only the speaking character, never show both speakers in the same frame.","Cheerful smile, hands raised in a small celebration or showing a finished project.","Olitun enjoying the reward of dedication, effort, and hard work."
lesson_sentences_folk_3,Cultural Proverbs & Wisdom III,cat_sentences_1778594024495,0,text,ᱞᱟᱠᱪᱟᱨ ᱦᱚᱨ ᱛᱮ ᱪᱟᱞᱟᱜ ᱜᱮ ᱥᱟᱱᱛᱟᱲ ᱦᱚᱯᱚᱱ ᱟᱜ ᱢᱟᱹᱱ ᱠᱟᱱᱟ,Lakchar hor te chalag ge Santal hopon aak man kana – Going on the cultural path is the honor of the Santal people.,,,Pride,Working Together,Leadership,Solve a problem,"Olitun stands with hands on hips, looking out over the village from a scenic hill, representing leadership. Show only the speaking character, never show both speakers in the same frame.","Standing proud and tall, head high, shoulders back, holding cultural artifacts or projects.","Olitun celebrating cultural identity, heritage, and personal achievements."
lesson_sentences_folk_3,Cultural Proverbs & Wisdom III,cat_sentences_1778594024495,1,text,ᱟᱹᱨᱤ ᱥᱟᱹᱨᱤ ᱛᱮ ᱡᱤᱣᱤ ᱠᱷᱟᱸᱰᱟᱣ ᱜᱮ ᱫᱷᱚᱨᱚᱢ ᱠᱟᱱᱟ,Ari sari te jiwi khandaw ge dhorom kana – Living life with pure traditions is righteousness.,,,Pride,Exploring Nature,Leadership,Teach others,"a young Santhal child classmate pointing toward a balanced, hand-carved wooden scale, indicating fairness and justice. Show only the speaking character, never show both speakers in the same frame.","Standing proud and tall, head high, shoulders back, holding cultural artifacts or projects.","a young Santhal child classmate celebrating cultural identity, heritage, and personal achievements."
lesson_sentences_folk_3,Cultural Proverbs & Wisdom III,cat_sentences_1778594024495,2,text,"ᱥᱟᱶᱦᱮᱫ ᱡᱤᱣᱤ ᱠᱟᱱᱟ, ᱚᱱᱟᱛᱮ ᱥᱟᱱᱛᱟᱲᱤ ᱥᱟᱶᱦᱮᱫ ᱫᱚ ᱵᱟᱧᱪᱟᱣ ᱫᱚᱦᱚᱭ ᱢᱮ","Sawhet jiwi kana, onate Santali sawhet do bancaw dohoy me – Literature is the soul, therefore preserve Santali literature.",,,Gratitude,Dreaming Big,Problem Solving,Create something useful,"Olitun sits in a circle with friends around a small fire, gesturing warmly while sharing a traditional story. Show only the speaking character, never show both speakers in the same frame.","Slightly bowed head, hands held together or offering a token of appreciation, warm smile.",Olitun acknowledging and appreciating the kindness and efforts of others.
lesson_sentences_folk_3,Cultural Proverbs & Wisdom III,cat_sentences_1778594024495,3,text,ᱥᱤᱨᱡᱚᱱ ᱫᱷᱚᱨᱚᱢ ᱞᱮᱠᱟᱛᱮ ᱫᱟᱨᱮ ᱟᱨ ᱡᱟᱱᱣᱟᱨ ᱠᱚ ᱫᱩᱞᱟᱹᱲ ᱠᱚ ᱢᱮ,"Sirjon dhorom lekate dare ar janwar ko dular ko me – According to the religion of nature, love the trees and animals.",,,Pride,Working Together,Leadership,Solve a problem,"a young Santhal child classmate planting a young green seedling in rich soil, showing care and responsibility for nature. Show only the speaking character, never show both speakers in the same frame.","Standing proud and tall, head high, shoulders back, holding cultural artifacts or projects.","a young Santhal child classmate celebrating cultural identity, heritage, and personal achievements."
lesson_sentences_folk_3,Cultural Proverbs & Wisdom III,cat_sentences_1778594024495,4,text,"ᱫᱤᱥᱚᱢ ᱫᱟᱲᱮ ᱜᱮ ᱟᱵᱚᱣᱟᱜ ᱢᱟᱨᱟᱝ ᱫᱟᱲᱮ ᱠᱟᱱᱟ, ᱚᱱᱟ ᱫᱚ ᱢᱟᱱᱟᱣ ᱢᱮ","Disom dare ge abowaak marang dare kana, ona do manaw me – The power of the land is our great strength; respect it.",,,Achievement,Exploring Nature,Creativity,Teach others,"Olitun stands with hands on hips, looking out over the village from a scenic hill, representing leadership. Show only the speaking character, never show both speakers in the same frame.","Cheerful smile, hands raised in a small celebration or showing a finished project.","Olitun enjoying the reward of dedication, effort, and hard work."
lesson_sentences_folk_3,Cultural Proverbs & Wisdom III,cat_sentences_1778594024495,5,text,ᱥᱟᱹᱜᱩᱱ ᱧᱩᱛᱩᱢ ᱛᱮ ᱟᱢᱟᱜ ᱟᱹᱛᱩ ᱨᱮᱭᱟᱜ ᱧᱩᱛᱩᱢ ᱡᱩᱞᱩᱜ ᱢᱮ,Sagun nyutum te amaak atu reyag nyutum julug me – Let the name of your village shine with your good name.,,,Gratitude,Dreaming Big,Problem Solving,Create something useful,"a young Santhal child classmate gestures toward a village map drawn on a board, explaining a plan to classmates with confidence. Show only the speaking character, never show both speakers in the same frame.","Slightly bowed head, hands held together or offering a token of appreciation, warm smile.",a young Santhal child classmate acknowledging and appreciating the kindness and efforts of others.
lesson_sentences_folk_3,Cultural Proverbs & Wisdom III,cat_sentences_1778594024495,6,text,"ᱢᱟᱹᱱᱢᱤ ᱫᱷᱚᱨᱚᱢ ᱜᱮ ᱥᱟᱱᱟᱢ ᱠᱷᱚᱱ ᱢᱟᱨᱟᱝ ᱫᱷᱚᱨᱚᱢ ᱠᱟᱱᱟ, ᱦᱚᱲ ᱥᱮᱵᱟ ᱢᱮ","Manmi dhorom ge sanam khon marang dhorom kana, hor seba me – Humanity is the greatest religion of all; serve the people.",,,Pride,Working Together,Leadership,Solve a problem,"Olitun sits in a circle with friends around a small fire, gesturing warmly while sharing a traditional story. Show only the speaking character, never show both speakers in the same frame.","Standing proud and tall, head high, shoulders back, holding cultural artifacts or projects.","Olitun celebrating cultural identity, heritage, and personal achievements."
lesson_sentences_folk_3,Cultural Proverbs & Wisdom III,cat_sentences_1778594024495,7,text,ᱟᱢᱟᱜ ᱥᱤᱵᱤᱞ ᱨᱚᱲ ᱛᱮ ᱟᱹᱛᱩ ᱨᱤᱱ ᱥᱟᱱᱟᱢ ᱦᱚᱲ ᱢᱚᱱᱮ ᱡᱤᱛᱠᱟᱹᱨ ᱢᱮ,Amaak sibil ror te atu rin sanam hor mone jitkar me – Win the hearts of all villagers with your sweet words.,,,Achievement,Exploring Nature,Creativity,Teach others,"a young Santhal child classmate stands proudly at a crossroads in the village, pointing toward a path of opportunity. Show only the speaking character, never show both speakers in the same frame.","Cheerful smile, hands raised in a small celebration or showing a finished project.","a young Santhal child classmate enjoying the reward of dedication, effort, and hard work."
lesson_sentences_folk_3,Cultural Proverbs & Wisdom III,cat_sentences_1778594024495,8,text,"ᱥᱟᱹᱨᱤ ᱢᱚᱱᱮ ᱛᱮ ᱠᱟᱹᱢᱤ ᱞᱮᱠᱷᱟᱱ, ᱥᱟᱱᱟᱢ ᱠᱟᱹᱢᱤ ᱜᱮ ᱥᱟᱹᱜᱩᱱ ᱦᱩᱭᱩᱜᱼᱟ","Sari mone te kami lekhan, sanam kami ge sagun huyuga – If worked with an honest heart, all work will be successful.",,,Gratitude,Dreaming Big,Problem Solving,Create something useful,"Olitun looking forward toward a modern skyline in the distance, eyes filled with determination and hope. Show only the speaking character, never show both speakers in the same frame.","Slightly bowed head, hands held together or offering a token of appreciation, warm smile.",Olitun acknowledging and appreciating the kindness and efforts of others.
lesson_sentences_folk_3,Cultural Proverbs & Wisdom III,cat_sentences_1778594024495,9,text,ᱛᱮᱦᱮᱧ ᱫᱚ ᱟᱞᱮ ᱚᱲᱟᱜ ᱨᱮ ᱟᱹᱰᱤ ᱱᱟᱯᱟᱭ ᱥᱤᱵᱤᱞ ᱡᱚᱢ ᱞᱮ ᱵᱮᱱᱟᱣ ᱟᱠᱟᱫᱟ,Tehenj do ale orag re adi napay sibil jom le benaw akada – Today we have made very delicious food in our home.,,,Pride,Working Together,Leadership,Solve a problem,"a young Santhal child classmate gestures toward a village map drawn on a board, explaining a plan to classmates with confidence. Show only the speaking character, never show both speakers in the same frame.","Standing proud and tall, head high, shoulders back, holding cultural artifacts or projects.","a young Santhal child classmate celebrating cultural identity, heritage, and personal achievements."
lesson_sentences_folk_3,Cultural Proverbs & Wisdom III,cat_sentences_1778594024495,10,text,ᱟᱢᱟᱜ ᱜᱟᱛᱮ ᱠᱩᱲᱤ ᱫᱚ ᱤᱛᱩᱱ ᱟᱥᱲᱟ ᱨᱮ ᱟᱹᱰᱤ ᱱᱟᱯᱟᱭ ᱮ ᱯᱟᱲᱦᱟᱜ ᱠᱟᱱᱟ,Amaak gate kuri do itun asra re adi napay e parhaag kana – Your female friend is studying very well in school.,,,Achievement,Exploring Nature,Creativity,Teach others,"Olitun excitedly discovering knowledge inside a large, open picture book that glows with colorful patterns. Show only the speaking character, never show both speakers in the same frame.","Cheerful smile, hands raised in a small celebration or showing a finished project.","Olitun enjoying the reward of dedication, effort, and hard work."
lesson_sentences_folk_3,Cultural Proverbs & Wisdom III,cat_sentences_1778594024495,11,text,ᱟᱞᱮ ᱟᱹᱛᱩ ᱨᱮ ᱫᱚ ᱫᱤᱱᱟᱹᱢ ᱠᱟᱹᱢᱤ ᱠᱟᱛᱮ ᱦᱚᱲ ᱠᱚ ᱨᱟᱹᱥᱠᱟᱹ ᱛᱮ ᱠᱚ ᱛᱟᱦᱮᱸᱱᱟ,"Ale atu re do dinam kami kate hor ko raska te ko tahena – In our village, people live with joy by doing daily chores.",,,Gratitude,Dreaming Big,Problem Solving,Create something useful,"a young Santhal child classmate stands proudly at a crossroads in the village, pointing toward a path of opportunity. Show only the speaking character, never show both speakers in the same frame.","Slightly bowed head, hands held together or offering a token of appreciation, warm smile.",a young Santhal child classmate acknowledging and appreciating the kindness and efforts of others.
lesson_sentences_folk_3,Cultural Proverbs & Wisdom III,cat_sentences_1778594024495,12,text,ᱥᱟᱹᱜᱩᱱ ᱫᱤᱱ ᱨᱮ ᱟᱢ ᱥᱟᱶ ᱧᱟᱯᱟᱢ ᱠᱟᱛᱮ ᱤᱧ ᱟᱹᱰᱤᱧ ᱨᱟᱹᱥᱠᱟᱹ ᱮᱱᱟ,Sagun din re am saw njapam kate in adinj raska ena – I became very happy to meet you on this auspicious day.,,,Pride,Working Together,Leadership,Solve a problem,"a young Santhal child classmate stands with hands on hips, looking out over the village from a scenic hill, representing leadership. Show only the speaking character, never show both speakers in the same frame.","Standing proud and tall, head high, shoulders back, holding cultural artifacts or projects.","a young Santhal child classmate celebrating cultural identity, heritage, and personal achievements."
lesson_sentences_folk_3,Cultural Proverbs & Wisdom III,cat_sentences_1778594024495,13,text,ᱟᱢᱟᱜ ᱢᱚᱱᱮ ᱨᱟᱲᱟ ᱠᱟᱛᱮ ᱥᱟᱱᱟᱢ ᱫᱩᱠᱷ ᱫᱚ ᱦᱤᱲᱤᱧ ᱠᱟᱜ ᱢᱮ,"Amaak mone rara kate sanam dukh do hirinj kag me – Relieving your heart, forget all the sorrows.",,,Achievement,Exploring Nature,Creativity,Teach others,"a young Santhal child classmate gestures toward a village map drawn on a board, explaining a plan to classmates with confidence. Show only the speaking character, never show both speakers in the same frame.","Cheerful smile, hands raised in a small celebration or showing a finished project.","a young Santhal child classmate enjoying the reward of dedication, effort, and hard work."
lesson_sentences_folk_3,Cultural Proverbs & Wisdom III,cat_sentences_1778594024495,14,text,ᱥᱤᱵᱤᱞ ᱥᱟᱹᱜᱟᱹᱭ ᱜᱮ ᱟᱵᱚ ᱥᱟᱱᱟᱢ ᱦᱚᱲ ᱡᱩᱢᱤᱫᱽ ᱫᱚᱦᱚ ᱟᱵᱚᱣᱟ,Sibil sagay ge abo sanam hor jumid doho abowa – Affectionate bonding keeps all of us united.,,,Gratitude,Dreaming Big,Problem Solving,Create something useful,"Olitun sits in a circle with friends around a small fire, gesturing warmly while sharing a traditional story. Show only the speaking character, never show both speakers in the same frame.","Slightly bowed head, hands held together or offering a token of appreciation, warm smile.",Olitun acknowledging and appreciating the kindness and efforts of others.
lesson_sentences_folk_3,Cultural Proverbs & Wisdom III,cat_sentences_1778594024495,15,text,ᱜᱩᱯᱩᱛᱤ ᱠᱟᱛᱷᱟ ᱫᱚ ᱥᱟᱱᱟᱢ ᱦᱚᱲ ᱥᱟᱢᱟᱝ ᱨᱮ ᱟᱞᱚᱢ ᱨᱚᱲᱟ,Guputi katha do sanam hor samang re alom rora – Do not speak secret talks in front of everyone.,,,Pride,Working Together,Leadership,Solve a problem,"a young Santhal child classmate stands proudly at a crossroads in the village, pointing toward a path of opportunity. Show only the speaking character, never show both speakers in the same frame.","Standing proud and tall, head high, shoulders back, holding cultural artifacts or projects.","a young Santhal child classmate celebrating cultural identity, heritage, and personal achievements."
lesson_sentences_folk_3,Cultural Proverbs & Wisdom III,cat_sentences_1778594024495,16,text,ᱢᱚᱱᱮ ᱚᱞ ᱞᱮᱠᱟ ᱜᱩᱨᱩ ᱣᱟᱜ ᱥᱮᱪᱮᱫ ᱫᱚ ᱡᱤᱣᱤ ᱨᱮ ᱫᱚᱦᱚᱭ ᱢᱮ,Mone ol leka guru waak seched do jiwi re dohoy me – Keep the teacher's education in your soul like writing on the heart.,,,Achievement,Exploring Nature,Creativity,Teach others,"Olitun stands with hands on hips, looking out over the village from a scenic hill, representing leadership. Show only the speaking character, never show both speakers in the same frame.","Cheerful smile, hands raised in a small celebration or showing a finished project.","Olitun enjoying the reward of dedication, effort, and hard work."
lesson_sentences_folk_3,Cultural Proverbs & Wisdom III,cat_sentences_1778594024495,17,text,ᱞᱟᱸᱫᱟ ᱛᱮ ᱜᱚᱡ ᱞᱮᱠᱟ ᱛᱮᱦᱮᱧ ᱫᱚ ᱟᱹᱰᱤ ᱞᱮ ᱞᱟᱸᱫᱟ ᱠᱮᱫᱟ,Landa te goj leka tehenj do adi le landa keda – Today we laughed so much as if dying of laughter.,,,Gratitude,Dreaming Big,Problem Solving,Create something useful,"a young Santhal child classmate gestures toward a village map drawn on a board, explaining a plan to classmates with confidence. Show only the speaking character, never show both speakers in the same frame.","Slightly bowed head, hands held together or offering a token of appreciation, warm smile.",a young Santhal child classmate acknowledging and appreciating the kindness and efforts of others.
lesson_sentences_folk_3,Cultural Proverbs & Wisdom III,cat_sentences_1778594024495,18,text,"ᱠᱟᱹᱢᱤ ᱜᱮ ᱫᱷᱚᱨᱚᱢ ᱠᱟᱹᱢᱤ ᱠᱟᱱᱟ, ᱚᱱᱟᱛᱮ ᱟᱢᱟᱜ ᱠᱟᱹᱢᱤ ᱫᱚ ᱥᱟᱹᱨᱤ ᱢᱚᱱᱮ ᱛᱮ ᱢᱮ","Kami ge dhorom kami kana, onate amaak kami do sari mone te me – Work is worship, therefore do your work with an honest heart.",,,Pride,Working Together,Leadership,Solve a problem,"Olitun carefully carrying out a task, like neatly filing books or designing a wooden model. Show only the speaking character, never show both speakers in the same frame.","Standing proud and tall, head high, shoulders back, holding cultural artifacts or projects.","Olitun celebrating cultural identity, heritage, and personal achievements."
lesson_sentences_folk_3,Cultural Proverbs & Wisdom III,cat_sentences_1778594024495,19,text,ᱫᱤᱥᱚᱢ ᱫᱩᱞᱟᱹᱲ ᱜᱮ ᱥᱟᱹᱨᱤ ᱦᱚᱲ ᱦᱚᱯᱚᱱ ᱟᱜ ᱢᱟᱹᱱ ᱠᱟᱱᱟ,Disom dular ge sari hor hopon aak man kana – Patriotism is the honor of a true Santal.,,,Achievement,Exploring Nature,Creativity,Teach others,"a young Santhal child classmate stands proudly at a crossroads in the village, pointing toward a path of opportunity. Show only the speaking character, never show both speakers in the same frame.","Cheerful smile, hands raised in a small celebration or showing a finished project.","a young Santhal child classmate enjoying the reward of dedication, effort, and hard work."
lesson_sentences_folk_3,Cultural Proverbs & Wisdom III,cat_sentences_1778594024495,20,text,ᱥᱟᱹᱨᱤ ᱠᱟᱛᱷᱟ ᱨᱚᱲ ᱛᱮ ᱟᱢ ᱫᱚ ᱡᱤᱣᱤ ᱨᱮ ᱥᱟᱹᱨᱤ ᱥᱟᱱᱛᱤ ᱮᱢ ᱧᱟᱢᱟ,"Sari katha ror te am do jiwi re sari santi em njama – By speaking the truth, you will find true peace in life.",,,Pride,Dreaming Big,Leadership,Teach others,"Olitun standing tall on a hill overlooking the village, looking forward with strong resolution. Show only the speaking character, never show both speakers in the same frame.","Standing proud and tall, head high, shoulders back, holding cultural artifacts or projects.","Olitun celebrating cultural identity, heritage, and personal achievements."
lesson_sentences_folk_3,Cultural Proverbs & Wisdom III,cat_sentences_1778594024495,21,text,ᱥᱟᱹᱜᱩᱱ ᱫᱟᱨᱟᱢ ᱠᱟᱛᱮ ᱟᱞᱮ ᱚᱲᱟᱜ ᱨᱮ ᱫᱩᱲᱩᱵ ᱢᱮ ᱜᱟᱛᱮ,"Sagun daram kate ale orag re durub me gate – Being welcomed, sit in our house friend.",,,Pride,Working Together,Leadership,Solve a problem,"a young Santhal child classmate smiling warmly while pointing happily toward the learner, conveying friendship and belonging. Show only the speaking character, never show both speakers in the same frame.","Standing proud and tall, head high, shoulders back, holding cultural artifacts or projects.","a young Santhal child classmate celebrating cultural identity, heritage, and personal achievements."
lesson_sentences_folk_3,Cultural Proverbs & Wisdom III,cat_sentences_1778594024495,22,text,ᱱᱟᱯᱟᱭ ᱛᱮ ᱡᱤᱨᱟᱹᱣ ᱠᱟᱛᱮ ᱟᱢᱟᱜ ᱜᱮᱭᱟᱱ ᱦᱚᱨ ᱨᱮ ᱞᱟᱦᱟᱜ ᱢᱮ,"Napay te jiraw kate amaak geyan hor re lahag me – Resting well, advance on your path of knowledge.",,,Achievement,Exploring Nature,Creativity,Teach others,"Olitun sits in a circle with friends around a small fire, gesturing warmly while sharing a traditional story. Show only the speaking character, never show both speakers in the same frame.","Cheerful smile, hands raised in a small celebration or showing a finished project.","Olitun enjoying the reward of dedication, effort, and hard work."
a5d028c4-6861-4ca4-9014-819de474e1c9,tests,93ef01bf-90fa-4e53-b37d-3b84baccb03b,0,text,New Block,New Block,,,,,,,,,
26d7c850-fc43-4185-b137-f8bb1a7e500b,turu dung,69ab9ce4-94c5-468b-a8ae-9e4baecf37c8,0,text,New Block,New Block,,,,,,,,,
9c5d0e99-c0af-4768-8fd4-0bd6c03eeced,ttt,16a7ef70-2664-4102-b18b-30e9cb33f634,0,text,New Block,New Block,,,,,,,,,
e81bbe66-f1bd-48aa-b760-928d0edbb447,gvh,428c2762-e86e-4554-abbf-ce2e82c90578,0,text,test lesson,test lesson,,,,,,,,,
e81bbe66-f1bd-48aa-b760-928d0edbb447,gvh,428c2762-e86e-4554-abbf-ce2e82c90578,1,text,hvgbhj,hvgbhj,,,,,,,,,
e81bbe66-f1bd-48aa-b760-928d0edbb447,gvh,428c2762-e86e-4554-abbf-ce2e82c90578,2,video,,,,,,,,,,,
c2bd542b-9669-47a5-a3ee-bbab275d2f6c,bjhb,20083585-6da5-4a1c-8192-32bccf4f437c,0,text,hbj,hbj,,,,,,,,,
30e7cea3-61f8-45c1-a49d-ba730ecf20d0,test sub category,67128be8-4ffc-481b-b16f-889e17d9ad72,0,video,,,,,,,,,,,
30e7cea3-61f8-45c1-a49d-ba730ecf20d0,test sub category,67128be8-4ffc-481b-b16f-889e17d9ad72,1,image,,,,,,,,,,,
30e7cea3-61f8-45c1-a49d-ba730ecf20d0,test sub category,67128be8-4ffc-481b-b16f-889e17d9ad72,2,image,,,,,,,,,,,
30e7cea3-61f8-45c1-a49d-ba730ecf20d0,test sub category,67128be8-4ffc-481b-b16f-889e17d9ad72,3,image,,,,,,,,,,,
lesson_sentences_complex_intermed,Village & Social Life,cat_sentences_1778594024495,0,text,ᱟᱹᱛᱩ ᱨᱤᱱ ᱦᱚᱲ ᱫᱚ ᱡᱟᱦᱮᱨ ᱛᱷᱟᱱ ᱨᱮ ᱠᱚ ᱡᱟᱣᱨᱟ ᱟᱠᱟᱱᱟ,Atu rin hor do jaher than re ko jawra akana – The villagers have gathered at the sacred grove.,,,Pride,Working Together,Leadership,Solve a problem,"Olitun holds a ripe, bright red pomegranate, showing its rich color with a proud and happy smile. Show only the speaking character, never show both speakers in the same frame.","Standing proud and tall, head high, shoulders back, holding cultural artifacts or projects.","Olitun celebrating cultural identity, heritage, and personal achievements."
lesson_sentences_complex_intermed,Village & Social Life,cat_sentences_1778594024495,1,text,ᱢᱟᱹᱧᱡᱷᱤ ᱦᱟᱲᱟᱢ ᱫᱚ ᱟᱹᱛᱩ ᱦᱚᱲ ᱥᱟᱶ ᱮ ᱜᱟᱞᱢᱟᱨᱟᱣ ᱠᱟᱱᱟ,Manjhi haram do atu hor saw e galmaraw kana – The village headman is talking with the villagers.,,,Achievement,Exploring Nature,Creativity,Teach others,"a young Santhal child classmate gestures toward a village map drawn on a board, explaining a plan to classmates with confidence. Show only the speaking character, never show both speakers in the same frame.","Cheerful smile, hands raised in a small celebration or showing a finished project.","a young Santhal child classmate enjoying the reward of dedication, effort, and hard work."
lesson_sentences_complex_intermed,Village & Social Life,cat_sentences_1778594024495,2,text,ᱛᱮᱦᱮᱧ ᱫᱚ ᱟᱹᱰᱤ ᱱᱟᱯᱟᱭ ᱥᱟᱱᱛᱟᱲᱤ ᱥᱮᱨᱮᱧ ᱠᱚ ᱥᱮᱨᱮᱧ ᱮᱫᱟ,Tehenj do adi napay Santali serenj ko serenj eda – Today they are singing very beautiful Santali songs.,,,Gratitude,Dreaming Big,Problem Solving,Create something useful,"Olitun playing a traditional hand-drum (tumdak) with an energetic, rhythmic posture and a wide smile. Show only the speaking character, never show both speakers in the same frame.","Slightly bowed head, hands held together or offering a token of appreciation, warm smile.",Olitun acknowledging and appreciating the kindness and efforts of others.
lesson_sentences_complex_intermed,Village & Social Life,cat_sentences_1778594024495,3,text,ᱫᱟᱨᱮ ᱩᱢᱩᱞ ᱨᱮ ᱫᱩᱲᱩᱵ ᱠᱟᱛᱮ ᱩᱱᱠᱩ ᱠᱚ ᱡᱤᱨᱟᱹᱣ ᱠᱟᱱᱟ,"Dare umul re durub kate unku ko jiraw kana – Sitting under the tree's shade, they are resting.",,,Pride,Working Together,Leadership,Solve a problem,"a young Santhal child classmate planting a young green seedling in rich soil, showing care and responsibility for nature. Show only the speaking character, never show both speakers in the same frame.","Standing proud and tall, head high, shoulders back, holding cultural artifacts or projects.","a young Santhal child classmate celebrating cultural identity, heritage, and personal achievements."
lesson_sentences_complex_intermed,Village & Social Life,cat_sentences_1778594024495,4,text,ᱟᱢ ᱫᱚ ᱛᱩᱢᱫᱟᱜ ᱟᱨ ᱴᱟᱢᱟᱠ ᱨᱩ ᱮᱢ ᱵᱟᱰᱟᱭᱟ?,Am do tumdag ar tamak ru em badaya? – Do you know how to play the clay drum and kettle drum?,,,Achievement,Working Together,Creativity,Create something useful,"Olitun holding a handful of rich, dark soil, ready to plant seeds, looking hopeful and proud. Show only the speaking character, never show both speakers in the same frame.","Cheerful smile, hands raised in a small celebration or showing a finished project.","Olitun enjoying the reward of dedication, effort, and hard work."
lesson_sentences_complex_intermed,Village & Social Life,cat_sentences_1778594024495,5,text,"ᱦᱮᱸ, ᱤᱧ ᱫᱚ ᱛᱩᱢᱫᱟᱜ ᱨᱩ ᱟᱹᱰᱤ ᱱᱟᱯᱟᱭ ᱤᱧ ᱵᱟᱰᱟᱭᱟ","Hẽ, in do tumdag ru adi napay inj badaya – Yes, I know how to play the clay drum very well.",,,Achievement,Working Together,Creativity,Create something useful,"Olitun holding a handful of rich, dark soil, ready to plant seeds, looking hopeful and proud. Show only the speaking character, never show both speakers in the same frame.","Cheerful smile, hands raised in a small celebration or showing a finished project.","Olitun enjoying the reward of dedication, effort, and hard work."
lesson_sentences_complex_intermed,Village & Social Life,cat_sentences_1778594024495,6,text,ᱞᱟᱜᱽᱬᱮ ᱮᱱᱮᱡ ᱞᱟᱹᱜᱤᱫ ᱠᱩᱲᱤ ᱟᱨ ᱠᱚᱲᱟ ᱠᱚ ᱥᱟᱯᱲᱟᱣ ᱟᱠᱟᱱᱟ,Lagne enej lagid kuri ar kora ko sapraw akana – The boys and girls are ready for the Lagne dance.,,,Achievement,Working Together,Creativity,Create something useful,"Olitun excitedly discovering knowledge inside a large, open picture book that glows with colorful patterns. Show only the speaking character, never show both speakers in the same frame.","Cheerful smile, hands raised in a small celebration or showing a finished project.","Olitun enjoying the reward of dedication, effort, and hard work."
lesson_sentences_complex_intermed,Village & Social Life,cat_sentences_1778594024495,7,text,ᱟᱞᱮ ᱟᱹᱛᱩ ᱨᱮ ᱫᱚ ᱟᱹᱰᱤ ᱢᱟᱨᱟᱝ ᱵᱟᱦᱟ ᱯᱚᱨᱚᱵ ᱦᱩᱭᱩᱜᱼᱟ,Ale atu re do adi marang Baha porob huyuga – A very grand Baha festival is celebrated in our village.,,,Achievement,Exploring Nature,Creativity,Teach others,"a young Santhal child classmate stands proudly at a crossroads in the village, pointing toward a path of opportunity. Show only the speaking character, never show both speakers in the same frame.","Cheerful smile, hands raised in a small celebration or showing a finished project.","a young Santhal child classmate enjoying the reward of dedication, effort, and hard work."
lesson_sentences_complex_intermed,Village & Social Life,cat_sentences_1778594024495,8,text,ᱥᱟᱨᱡᱚᱢ ᱵᱟᱦᱟ ᱛᱮ ᱠᱩᱲᱤ ᱠᱚ ᱵᱚᱦᱚᱜ ᱠᱚ ᱥᱟᱡᱟᱣ ᱮᱫᱟ,Sarjom baha te kuri ko bohog ko sajaw eda – The girls are decorating their hair with Sal flowers.,,,Gratitude,Dreaming Big,Problem Solving,Create something useful,"Olitun holding a vibrant wild flower, smelling its scent with a happy, relaxed expression. Show only the speaking character, never show both speakers in the same frame.","Slightly bowed head, hands held together or offering a token of appreciation, warm smile.",Olitun acknowledging and appreciating the kindness and efforts of others.
lesson_sentences_complex_intermed,Village & Social Life,cat_sentences_1778594024495,9,text,ᱤᱧ ᱫᱚ ᱵᱟᱱᱟᱢ ᱨᱩ ᱟᱨ ᱛᱤᱨᱭᱳ ᱚᱨᱚᱝ ᱥᱟᱱᱟᱧ ᱠᱟᱱᱟ,In do banam ru ar tiryo orong sananj kana – I want to play the fiddle and blow the bamboo flute.,,,Achievement,Working Together,Creativity,Create something useful,"a young Santhal child classmate laughing and running while balancing a spinning toy disk on a stick, feeling joyful. Show only the speaking character, never show both speakers in the same frame.","Cheerful smile, hands raised in a small celebration or showing a finished project.","a young Santhal child classmate enjoying the reward of dedication, effort, and hard work."
lesson_sentences_complex_intermed,Village & Social Life,cat_sentences_1778594024495,10,text,ᱟᱹᱛᱩ ᱨᱮ ᱫᱟᱜ ᱨᱮᱭᱟᱜ ᱟᱹᱰᱤ ᱱᱟᱯᱟᱭ ᱡᱷᱟᱨᱱᱟ ᱢᱮᱱᱟᱜᱼᱟ,Atu re dag reyag adi napay jharna menaga – There is a very beautiful water spring in the village.,,,Achievement,Exploring Nature,Creativity,Teach others,"Olitun drinking cool, clean water from a traditional clay pot, looking refreshed and happy. Show only the speaking character, never show both speakers in the same frame.","Cheerful smile, hands raised in a small celebration or showing a finished project.","Olitun enjoying the reward of dedication, effort, and hard work."
lesson_sentences_complex_intermed,Village & Social Life,cat_sentences_1778594024495,11,text,"ᱟᱢᱟᱜ ᱢᱚᱱᱮ ᱟᱞᱚᱢ ᱵᱟᱹᱲᱤᱡᱟ, ᱥᱟᱹᱨᱤ ᱠᱟᱛᱷᱟ ᱨᱚᱲ ᱢᱮ","Amaak mone alom barija, sari katha ror me – Do not ruin your heart, speak the truth.",,,Pride,Dreaming Big,Leadership,Teach others,"a young Santhal child classmate standing tall on a hill overlooking the village, looking forward with strong resolution. Show only the speaking character, never show both speakers in the same frame.","Standing proud and tall, head high, shoulders back, holding cultural artifacts or projects.","a young Santhal child classmate celebrating cultural identity, heritage, and personal achievements."
lesson_sentences_complex_intermed,Village & Social Life,cat_sentences_1778594024495,12,text,ᱩᱱᱤ ᱫᱚ ᱠᱟᱹᱢᱤ ᱞᱟᱹᱜᱤᱫ ᱴᱟᱺᱰᱤ ᱛᱮ ᱪᱟᱞᱟᱣ ᱟᱠᱟᱱᱟ,Uni do kami lagid tandi te chalaw akana – He has gone to the field for work.,,,Pride,Working Together,Leadership,Solve a problem,"Olitun carefully carrying out a task, like neatly filing books or designing a wooden model. Show only the speaking character, never show both speakers in the same frame.","Standing proud and tall, head high, shoulders back, holding cultural artifacts or projects.","Olitun celebrating cultural identity, heritage, and personal achievements."
lesson_sentences_complex_intermed,Village & Social Life,cat_sentences_1778594024495,13,text,ᱟᱹᱛᱩ ᱨᱤᱱ ᱦᱚᱲ ᱫᱚ ᱟᱹᱰᱤ ᱥᱟᱹᱫᱷᱩ ᱟᱨ ᱱᱟᱯᱟᱭ ᱜᱮᱭᱟ ᱠᱚ,Atu rin hor do adi sadhu ar napay geya ko – The village people are very honest and kind.,,,Achievement,Exploring Nature,Creativity,Teach others,"a young Santhal child classmate gestures toward a village map drawn on a board, explaining a plan to classmates with confidence. Show only the speaking character, never show both speakers in the same frame.","Cheerful smile, hands raised in a small celebration or showing a finished project.","a young Santhal child classmate enjoying the reward of dedication, effort, and hard work."
lesson_sentences_complex_intermed,Village & Social Life,cat_sentences_1778594024495,14,text,ᱥᱤᱛᱩᱝ ᱨᱤᱛᱩ ᱨᱮ ᱫᱚ ᱟᱹᱰᱤ ᱡᱩᱨ ᱥᱤᱛᱩᱝ ᱮ ᱮᱢᱟ,"Situng ritu re do adi jur situng e ema – In the summer season, the sun shines very brightly.",,,Pride,Dreaming Big,Leadership,Teach others,"Olitun holding a shiny, polished brass plate that reflects the morning sunlight with brilliant rays. Show only the speaking character, never show both speakers in the same frame.","Standing proud and tall, head high, shoulders back, holding cultural artifacts or projects.","Olitun celebrating cultural identity, heritage, and personal achievements."
lesson_sentences_complex_intermed,Village & Social Life,cat_sentences_1778594024495,15,text,ᱫᱟᱜ ᱨᱤᱛᱩ ᱨᱮ ᱫᱚ ᱜᱟᱰᱟ ᱫᱟᱜ ᱛᱮ ᱯᱮᱨᱮᱡᱚᱜᱼᱟ,"Dag ritu re do gada dag te perejoga – In the rainy season, the river overflows with water.",,,Pride,Working Together,Leadership,Solve a problem,"a young Santhal child classmate drinking cool, clean water from a traditional clay pot, looking refreshed and happy. Show only the speaking character, never show both speakers in the same frame.","Standing proud and tall, head high, shoulders back, holding cultural artifacts or projects.","a young Santhal child classmate celebrating cultural identity, heritage, and personal achievements."
lesson_sentences_complex_intermed,Village & Social Life,cat_sentences_1778594024495,16,text,ᱟᱹᱛᱩ ᱨᱤᱱ ᱦᱚᱲ ᱫᱚ ᱢᱟᱹᱧᱡᱷᱤ ᱛᱷᱟᱱ ᱨᱮ ᱡᱟᱣᱨᱟ ᱠᱟᱛᱮ ᱠᱚ ᱵᱤᱪᱟᱹᱨᱮᱫᱟ,Atu rin hor do Manjhi than re jawra kate bicareda ko – The villagers gather at the headman's altar and are discussing.,,,Achievement,Exploring Nature,Creativity,Teach others,"Olitun playing a traditional hand-drum (tumdak) with an energetic, rhythmic posture and a wide smile. Show only the speaking character, never show both speakers in the same frame.","Cheerful smile, hands raised in a small celebration or showing a finished project.","Olitun enjoying the reward of dedication, effort, and hard work."
lesson_sentences_complex_intermed,Village & Social Life,cat_sentences_1778594024495,17,text,ᱥᱚᱦᱨᱟᱭ ᱯᱚᱨᱚᱵ ᱨᱮ ᱠᱩᱲᱤ ᱦᱚᱯᱚᱱ ᱠᱚ ᱦᱟᱥᱟ ᱵᱷᱤᱛ ᱨᱮ ᱪᱤᱛᱟᱹᱨ ᱠᱚ ᱥᱟᱡᱟᱣ ᱮᱫᱟ,"Sohrae porob re kuri hopon ko hasa bhit re citar ko sajaw eda – In the Sohrae festival, the women are decorating the clay walls with paintings.",,,Gratitude,Dreaming Big,Problem Solving,Create something useful,"a young Santhal child classmate holding a handful of rich, dark soil, ready to plant seeds, looking hopeful and proud. Show only the speaking character, never show both speakers in the same frame.","Slightly bowed head, hands held together or offering a token of appreciation, warm smile.",a young Santhal child classmate acknowledging and appreciating the kindness and efforts of others.
lesson_sentences_complex_intermed,Village & Social Life,cat_sentences_1778594024495,18,text,ᱛᱩᱢᱫᱟᱜ ᱟᱨ ᱴᱟᱢᱟᱠ ᱨᱩ ᱟᱸᱡᱚᱢ ᱠᱟᱛᱮ ᱠᱚᱲᱟ ᱟᱨ ᱠᱩᱲᱤ ᱠᱚ ᱮᱱᱮᱡ ᱮᱫᱟ,"Tumdag ar tamak ru anjom kate kora ar kuri ko enej eda – Hearing the clay drum and kettle drum, the boys and girls are dancing.",,,Achievement,Working Together,Creativity,Create something useful,"Olitun holding a handful of rich, dark soil, ready to plant seeds, looking hopeful and proud. Show only the speaking character, never show both speakers in the same frame.","Cheerful smile, hands raised in a small celebration or showing a finished project.","Olitun enjoying the reward of dedication, effort, and hard work."
lesson_sentences_complex_intermed,Village & Social Life,cat_sentences_1778594024495,19,text,ᱟᱹᱛᱩ ᱨᱮᱭᱟᱜ ᱠᱩᱞᱦᱤ ᱫᱚ ᱥᱟᱹᱜᱩᱱ ᱥᱟᱠᱟᱢ ᱟᱨ ᱵᱟᱦᱟ ᱛᱮ ᱠᱚ ᱥᱟᱡᱟᱣ ᱟᱠᱟᱫᱟ,Atu reyag kulhi do sagun sakam ar baha te ko sajaw akada – They have decorated the village street with auspicious leaves and flowers.,,,Achievement,Exploring Nature,Creativity,Teach others,"a young Santhal child classmate planting a young green seedling in rich soil, showing care and responsibility for nature. Show only the speaking character, never show both speakers in the same frame.","Cheerful smile, hands raised in a small celebration or showing a finished project.","a young Santhal child classmate enjoying the reward of dedication, effort, and hard work."
